VLP|27DV|2024-07-31|2026-03-24|2026-03-25
PER|BSN1||1987-11-23|V
ISG|BSN1||C3|2023-01-30|2025-01-29|2025-01-16|08
ISP|BSN1||C3|2023-01-30|25655|BBL||J||100A501|101X591||
BPV|BSN1||C3|C1|2023-01-07|2023-02-01|2025-01-29|2024-08-30|2163|100018965|25655|
BPV|BSN1||C3|C2|2024-09-17|2024-09-01|2025-01-29|2025-01-15|448|100642111|25655|
DIP|BSN1||8286771|25655|2025-01-16||J|C3|100A501
GEO|BSN1||8286771|25655|8286774|3005||6|MBO|74|MBO|51|MBO||
GEO|BSN1||8286771|25655|8288188|3006||5|MBO||||||
GEO|BSN1||8286771|25655|8481629|3013||6|KZDL||||||
KZD|BSN1||8286771|25655|8286772|K0067||Behaald|||
KZD|BSN1||8286771|25655|8286773|K0138||Behaald|||
PER|BSN2||1989-01-28|M
ISG|BSN2||1|2020-08-01|2025-07-31|2024-09-19|08
ISP|BSN2||1|2020-08-01|25311|BBL||J||100A500|101X589||
ISP|BSN2||1|2023-08-01|25311|BBL||J||100A500|101X589||
ISP|BSN2||1|2024-01-01|25311|BBL||J||100A500|101X589||
ISP|BSN2||1|2024-08-01|25311|BBL||J||100A500|101X589||
BPV|BSN2||1|1|2020-06-05|2020-08-01|2023-07-31|2023-07-31|3840|100312093|25311|
BPV|BSN2||1|C1|2023-06-02|2023-08-01|2023-12-31|2023-12-31|538|100312093|25311|
BPV|BSN2||1|C2|2023-12-04|2024-01-01|2024-07-31|2024-07-31|749|100312093|25311|
BPV|BSN2||1|C3|2024-06-18|2024-08-01|2025-07-31|2024-09-19|1284|100312093|25311|
DIP|BSN2||8105949|25311|2024-09-19||J|1|100A500
GEO|BSN2||8105949|25311|8162728|3005||8||85||77|||
GEO|BSN2||8105949|25311|8165491|3006||10|||||||
GEO|BSN2||8105949|25311|8410251|3013||9||88||100|||
KZD|BSN2||8105949|25311|8451439|K0226||Behaald|||
KZD|BSN2||8105949|25311|8451441|K0625||Behaald|||
KZD|BSN2||8105949|25311|8451442|K0666||Behaald|||
PER|BSN3||1989-05-03|M
ISG|BSN3||C1|2026-02-01|2029-01-31||
ISP|BSN3||C1|2026-02-01|25655|BBL||J||100A501|101X591||
BPV|BSN3||C1|C1|2026-01-13|2026-02-01|2029-01-31||3854|100690325|25655|
PER|BSN4||1977-01-04|V
ISG|BSN4||3|2021-09-08|2024-10-31|2024-09-16|08
ISP|BSN4||3|2021-09-08|25655|BBL||J||100A501|101X591||
ISP|BSN4||3|2024-03-20|25655|BBL||J||100A501|101X591||
BPV|BSN4||3|1|2021-09-13|2021-09-08|2024-07-31|2022-01-31|2788|100017828|25655|
BPV|BSN4||3|C1|2021-12-14|2022-02-01|2024-07-31|2024-03-19|2806|100489557|25655|
BPV|BSN4||3|C2|2024-03-25|2024-03-20|2024-10-31|2024-09-13|695|100489557|25655|
DIP|BSN4||8106681|25655|2024-09-16||J|3|100A501
GEO|BSN4||8106681|25655|8298393|3013||7||64||78|||
GEO|BSN4||8106681|25655|8374118|3006||5|||||||
GEO|BSN4||8106681|25655|8396743|3005||8||88||71|||
KZD|BSN4||8106681|25655|8449657|K1006||Behaald|||
KZD|BSN4||8106681|25655|8450929|K0138||Behaald|||
PER|BSN5||1988-09-11|M
ISG|BSN5||C1|2024-11-11|2027-10-31||
ISP|BSN5||C1|2024-11-11|25779|BBL||J||100A501|101X589||
BPV|BSN5||C1|C1|2024-11-07|2024-11-11|2027-10-31||3815|100047599|25779|
PER|BSN6||2004-09-18|V
ISG|BSN6||C2|2022-08-01|2024-09-30|2024-09-16|08
ISP|BSN6||C2|2022-08-01|25809|BOL||J||100A498|101X589||
ISP|BSN6||C2|2024-08-01|25809|BOL||J||100A498|101X589||
BPV|BSN6||C2|C1|2022-12-15|2023-02-09|2023-07-14|2023-07-14|288|100636505|25809|
BPV|BSN6||C2|C2|2023-06-29|2023-09-04|2024-02-02|2024-02-02|544|100636505|25809|
ISG|BSN6||C3|2024-09-17|2026-07-31|2024-09-27|02
ISP|BSN6||C3|2024-09-17|25775|BBL||N||100A500|101X589||
DIP|BSN6||8277645|25809|2024-09-16||J|C2|100A498
GEO|BSN6||8277645|25809|8425375|3028||5|||||||
GEO|BSN6||8277645|25809|8442521|3001||6||69||41|||
KZD|BSN6||8277645|25809|8309687|K0055||Behaald|||
KZD|BSN6||8277645|25809|8418697|K0061||Behaald|||
PER|BSN7||2008-08-15|V
ISG|BSN7||C2|2025-02-01|2026-07-31||
ISP|BSN7||C2|2025-02-01|25748|BBL||J||113A950|101X589||
ISP|BSN7||C2|2026-01-08|25748|BOL||J||113A950|101X589||
ISP|BSN7||C2|2026-01-20|25748|BOL||J||113A950|101X589||
BPV|BSN7||C2|C1|2025-08-18|2025-08-04|2026-01-31|2025-12-15|610|100302883|25748|
PER||BSN8|2006-10-15|M
ISG||BSN8|C1|2025-02-01|2026-01-31|2025-07-31|08
ISP||BSN8|C1|2025-02-01|23301|BOL|MBO-1|J||113A950|101X589||
ISG||BSN8|C2|2025-08-01|2026-07-31||
ISP||BSN8|C2|2025-08-01|25745|BOL||N||113A950|101X589||
BPV||BSN8|C2|C1|2025-12-01|2025-12-05|2026-07-31||400|100824605|25745|
PER||BSN9|2002-07-24|M
ISG||BSN9|C2|2025-04-14|2026-07-31||
ISP||BSN9|C2|2025-04-14|25669|BBL||J||100A500|102X189||
BPV||BSN9|C2|C2|2025-10-16|2025-04-14|2026-07-31||1667|100453125|25669|
PER||BSN10|2004-03-12|M
ISG||BSN10|C1|2026-01-30|2027-01-29||
ISP||BSN10|C1|2026-01-30|25742|BOL||J||113A950|101X589||
BPV||BSN10|C1|C1|2026-02-11|2026-02-11|2027-01-29||400|100808353|25742|
SLR|16616|19859|31053|2|28260|4696|133|11758|11511
