postcode,postbus,gemeentecode,gemeentenaam
0010,N,9910,woonachtig in België
0020,N,9920,woonachtig in Duitsland
0030,N,9930,woonachtig elders in het buitenland
0040,N,9940,geen vaste woon- of verblijfplaats
1011,N,0363,Amsterdam
1012,N,0363,Amsterdam
1013,N,0363,Amsterdam
1014,N,0363,Amsterdam
1015,N,0363,Amsterdam
1016,N,0363,Amsterdam
1017,N,0363,Amsterdam
1018,N,0363,Amsterdam
1019,N,0363,Amsterdam
1021,N,0363,Amsterdam
1022,N,0363,Amsterdam
1023,N,0363,Amsterdam
1024,N,0363,Amsterdam
1025,N,0363,Amsterdam
1026,N,0363,Amsterdam
1027,N,0363,Amsterdam
1028,N,0363,Amsterdam
1031,N,0363,Amsterdam
1032,N,0363,Amsterdam
1033,N,0363,Amsterdam
1034,N,0363,Amsterdam
1035,N,0363,Amsterdam
1036,N,0363,Amsterdam
1037,N,0363,Amsterdam
1041,N,0363,Amsterdam
1042,N,0363,Amsterdam
1043,N,0363,Amsterdam
1044,N,0363,Amsterdam
1045,N,0363,Amsterdam
1046,N,0363,Amsterdam
1047,N,0363,Amsterdam
1051,N,0363,Amsterdam
1052,N,0363,Amsterdam
1053,N,0363,Amsterdam
1054,N,0363,Amsterdam
1055,N,0363,Amsterdam
1056,N,0363,Amsterdam
1057,N,0363,Amsterdam
1058,N,0363,Amsterdam
1059,N,0363,Amsterdam
1060,N,0363,Amsterdam
1061,N,0363,Amsterdam
1062,N,0363,Amsterdam
1063,N,0363,Amsterdam
1064,N,0363,Amsterdam
1065,N,0363,Amsterdam
1066,N,0363,Amsterdam
1067,N,0363,Amsterdam
1068,N,0363,Amsterdam
1069,N,0363,Amsterdam
1071,N,0363,Amsterdam
1072,N,0363,Amsterdam
1073,N,0363,Amsterdam
1074,N,0363,Amsterdam
1075,N,0363,Amsterdam
1076,N,0363,Amsterdam
1077,N,0363,Amsterdam
1078,N,0363,Amsterdam
1079,N,0363,Amsterdam
1081,N,0363,Amsterdam
1082,N,0363,Amsterdam
1083,N,0363,Amsterdam
1086,N,0363,Amsterdam
1087,N,0363,Amsterdam
1091,N,0363,Amsterdam
1092,N,0363,Amsterdam
1093,N,0363,Amsterdam
1094,N,0363,Amsterdam
1095,N,0363,Amsterdam
1096,N,0363,Amsterdam
1097,N,0363,Amsterdam
1098,N,0363,Amsterdam
1099,N,0437,Ouder-Amstel
1101,N,0363,Amsterdam
1102,N,0363,Amsterdam
1103,N,0363,Amsterdam
1104,N,0363,Amsterdam
1105,N,0363,Amsterdam
1106,N,0363,Amsterdam
1107,N,0363,Amsterdam
1108,N,0363,Amsterdam
1109,N,0363,Amsterdam
1111,N,0384,Diemen
1112,N,0384,Diemen
1113,N,0384,Diemen
1114,N,0437,Ouder-Amstel
1115,N,0437,Ouder-Amstel
1117,N,0394,Haarlemmermeer
1118,N,0394,Haarlemmermeer
1119,N,0394,Haarlemmermeer
1121,N,0415,Landsmeer
1127,N,0415,Landsmeer
1131,N,0385,Edam-Volendam
1132,N,0385,Edam-Volendam
1135,N,0385,Edam-Volendam
1141,N,0852,Waterland
1145,N,0852,Waterland
1151,N,0852,Waterland
1153,N,0852,Waterland
1154,N,0852,Waterland
1156,N,0852,Waterland
1161,N,0394,Haarlemmermeer
1165,N,0394,Haarlemmermeer
1171,N,0394,Haarlemmermeer
1175,N,0394,Haarlemmermeer
1181,N,0362,Amstelveen
1182,N,0362,Amstelveen
1183,N,0362,Amstelveen
1184,N,0362,Amstelveen
1185,N,0362,Amstelveen
1186,N,0362,Amstelveen
1187,N,0362,Amstelveen
1188,N,0362,Amstelveen
1189,N,0362,Amstelveen
1191,N,0437,Ouder-Amstel
1211,N,0402,Hilversum
1212,N,0402,Hilversum
1213,N,0402,Hilversum
1214,N,0402,Hilversum
1215,N,0402,Hilversum
1216,N,0402,Hilversum
1217,N,0402,Hilversum
1218,N,0402,Hilversum
1221,N,0402,Hilversum
1222,N,0402,Hilversum
1223,N,0402,Hilversum
1231,N,1696,Wijdemeren
1241,N,1696,Wijdemeren
1243,N,1696,Wijdemeren
1244,N,1696,Wijdemeren
1251,N,0417,Laren
1252,N,0417,Laren
1261,N,0376,Blaricum
1262,N,0376,Blaricum
1271,N,0406,Huizen
1272,N,0406,Huizen
1273,N,0406,Huizen
1274,N,0406,Huizen
1275,N,0406,Huizen
1276,N,0406,Huizen
1277,N,0406,Huizen
1309,N,0034,Almere
1311,N,0034,Almere
1312,N,0034,Almere
1313,N,0034,Almere
1314,N,0034,Almere
1315,N,0034,Almere
1316,N,0034,Almere
1317,N,0034,Almere
1318,N,0034,Almere
1319,N,0034,Almere
1321,N,0034,Almere
1322,N,0034,Almere
1323,N,0034,Almere
1324,N,0034,Almere
1325,N,0034,Almere
1326,N,0034,Almere
1327,N,0034,Almere
1328,N,0034,Almere
1329,N,0034,Almere
1331,N,0034,Almere
1332,N,0034,Almere
1333,N,0034,Almere
1334,N,0034,Almere
1335,N,0034,Almere
1336,N,0034,Almere
1338,N,0034,Almere
1339,N,0034,Almere
1341,N,0034,Almere
1343,N,0034,Almere
1349,N,0034,Almere
1351,N,0034,Almere
1352,N,0034,Almere
1353,N,0034,Almere
1354,N,0034,Almere
1355,N,0034,Almere
1356,N,0034,Almere
1357,N,0034,Almere
1358,N,0034,Almere
1359,N,0034,Almere
1361,N,0034,Almere
1362,N,0034,Almere
1363,N,0034,Almere
1364,N,0034,Almere
1381,N,0363,Amsterdam
1382,N,0363,Amsterdam
1383,N,0363,Amsterdam
1384,N,0363,Amsterdam
1391,N,0736,De Ronde Venen
1393,N,1904,Stichtse Vecht
1394,N,1696,Wijdemeren
1396,N,0736,De Ronde Venen
1398,N,1942,Gooise Meren
1399,N,1942,Gooise Meren
1401,N,1942,Gooise Meren
1402,N,1942,Gooise Meren
1403,N,1942,Gooise Meren
1404,N,1942,Gooise Meren
1405,N,1942,Gooise Meren
1406,N,1942,Gooise Meren
1411,N,1942,Gooise Meren
1412,N,1942,Gooise Meren
1421,N,0451,Uithoorn
1422,N,0451,Uithoorn
1423,N,0451,Uithoorn
1424,N,0451,Uithoorn
1426,N,0736,De Ronde Venen
1427,N,0736,De Ronde Venen
1428,N,0569,Nieuwkoop
1431,N,0358,Aalsmeer
1432,N,0358,Aalsmeer
1433,N,0358,Aalsmeer
1435,N,0394,Haarlemmermeer
1436,N,0394,Haarlemmermeer
1437,N,0394,Haarlemmermeer
1438,N,0394,Haarlemmermeer
1441,N,0439,Purmerend
1442,N,0439,Purmerend
1443,N,0439,Purmerend
1444,N,0439,Purmerend
1445,N,0439,Purmerend
1446,N,0439,Purmerend
1447,N,0439,Purmerend
1448,N,0439,Purmerend
1451,N,0415,Landsmeer
1452,N,0852,Waterland
1454,N,0852,Waterland
1456,N,0880,Wormerland
1458,N,0880,Wormerland
1461,N,0439,Purmerend
1462,N,0439,Purmerend
1463,N,0439,Purmerend
1464,N,0439,Purmerend
1471,N,0385,Edam-Volendam
1472,N,0385,Edam-Volendam
1473,N,0385,Edam-Volendam
1474,N,0385,Edam-Volendam
1475,N,0385,Edam-Volendam
1476,N,0385,Edam-Volendam
1477,N,0385,Edam-Volendam
1481,N,0385,Edam-Volendam
1482,N,0852,Waterland
1483,N,0361,Alkmaar
1484,N,0361,Alkmaar
1485,N,0361,Alkmaar
1486,N,0361,Alkmaar
1487,N,0361,Alkmaar
1488,N,0361,Alkmaar
1489,N,0383,Castricum
1501,N,0479,Zaanstad
1502,N,0479,Zaanstad
1503,N,0479,Zaanstad
1504,N,0479,Zaanstad
1505,N,0479,Zaanstad
1506,N,0479,Zaanstad
1507,N,0479,Zaanstad
1508,N,0479,Zaanstad
1509,N,0479,Zaanstad
1511,N,0431,Oostzaan
1521,N,0479,Zaanstad
1525,N,0479,Zaanstad
1531,N,0880,Wormerland
1534,N,0880,Wormerland
1536,N,0361,Alkmaar
1541,N,0479,Zaanstad
1544,N,0479,Zaanstad
1546,N,0880,Wormerland
1551,N,0479,Zaanstad
1561,N,0479,Zaanstad
1562,N,0479,Zaanstad
1566,N,0479,Zaanstad
1567,N,0479,Zaanstad
1601,N,0388,Enkhuizen
1602,N,0388,Enkhuizen
1606,N,0498,Drechterland
1607,N,0498,Drechterland
1608,N,0498,Drechterland
1609,N,0498,Drechterland
1611,N,0532,Stede Broec
1613,N,0532,Stede Broec
1614,N,0532,Stede Broec
1616,N,0498,Drechterland
1617,N,0498,Drechterland
1619,N,0420,Medemblik
1621,N,0405,Hoorn
1622,N,0405,Hoorn
1623,N,0405,Hoorn
1624,N,0405,Hoorn
1625,N,0405,Hoorn
1627,N,0405,Hoorn
1628,N,0405,Hoorn
1631,N,1598,Koggenland
1633,N,1598,Koggenland
1634,N,1598,Koggenland
1636,N,0361,Alkmaar
1641,N,1598,Koggenland
1642,N,1598,Koggenland
1643,N,1598,Koggenland
1645,N,1598,Koggenland
1646,N,0361,Alkmaar
1647,N,1598,Koggenland
1648,N,1598,Koggenland
1652,N,1598,Koggenland
1654,N,0420,Medemblik
1655,N,0420,Medemblik
1657,N,0420,Medemblik
1658,N,0420,Medemblik
1661,N,0432,Opmeer
1662,N,0432,Opmeer
1663,N,0432,Opmeer
1671,N,0420,Medemblik
1674,N,0420,Medemblik
1676,N,0420,Medemblik
1678,N,0420,Medemblik
1679,N,0420,Medemblik
1681,N,0420,Medemblik
1682,N,0420,Medemblik
1683,N,0420,Medemblik
1684,N,0420,Medemblik
1685,N,0420,Medemblik
1686,N,0420,Medemblik
1687,N,0420,Medemblik
1688,N,0420,Medemblik
1689,N,0405,Hoorn
1691,N,0420,Medemblik
1692,N,0420,Medemblik
1693,N,0420,Medemblik
1695,N,0405,Hoorn
1696,N,0498,Drechterland
1697,N,0498,Drechterland
1701,N,1980,Dijk en Waard
1702,N,1980,Dijk en Waard
1703,N,1980,Dijk en Waard
1704,N,1980,Dijk en Waard
1705,N,1980,Dijk en Waard
1706,N,1980,Dijk en Waard
1711,N,1598,Koggenland
1713,N,1598,Koggenland
1715,N,0432,Opmeer
1716,N,0432,Opmeer
1718,N,0432,Opmeer
1719,N,0432,Opmeer
1721,N,1980,Dijk en Waard
1722,N,1980,Dijk en Waard
1723,N,1980,Dijk en Waard
1724,N,1980,Dijk en Waard
1731,N,1911,Hollands Kroon
1732,N,1911,Hollands Kroon
1733,N,1911,Hollands Kroon
1734,N,1911,Hollands Kroon
1735,N,1911,Hollands Kroon
1736,N,1911,Hollands Kroon
1738,N,0441,Schagen
1741,N,0441,Schagen
1742,N,0441,Schagen
1744,N,0441,Schagen
1746,N,0441,Schagen
1747,N,0441,Schagen
1749,N,0441,Schagen
1751,N,0441,Schagen
1752,N,0441,Schagen
1753,N,0441,Schagen
1754,N,0441,Schagen
1755,N,0441,Schagen
1756,N,0441,Schagen
1757,N,0441,Schagen
1759,N,0441,Schagen
1761,N,1911,Hollands Kroon
1764,N,1911,Hollands Kroon
1766,N,1911,Hollands Kroon
1767,N,1911,Hollands Kroon
1768,N,1911,Hollands Kroon
1769,N,1911,Hollands Kroon
1771,N,1911,Hollands Kroon
1773,N,1911,Hollands Kroon
1774,N,1911,Hollands Kroon
1775,N,1911,Hollands Kroon
1777,N,1911,Hollands Kroon
1778,N,1911,Hollands Kroon
1779,N,1911,Hollands Kroon
1781,N,0400,Den Helder
1782,N,0400,Den Helder
1783,N,0400,Den Helder
1784,N,0400,Den Helder
1785,N,0400,Den Helder
1786,N,0400,Den Helder
1787,N,0400,Den Helder
1788,N,0400,Den Helder
1789,N,0400,Den Helder
1791,N,0448,Texel
1792,N,0448,Texel
1793,N,0448,Texel
1794,N,0448,Texel
1795,N,0448,Texel
1796,N,0448,Texel
1797,N,0448,Texel
1811,N,0361,Alkmaar
1812,N,0361,Alkmaar
1813,N,0361,Alkmaar
1814,N,0361,Alkmaar
1815,N,0361,Alkmaar
1816,N,0361,Alkmaar
1817,N,0361,Alkmaar
1821,N,0361,Alkmaar
1822,N,0361,Alkmaar
1823,N,0361,Alkmaar
1824,N,0361,Alkmaar
1825,N,0361,Alkmaar
1826,N,0361,Alkmaar
1827,N,0361,Alkmaar
1829,N,0361,Alkmaar
1831,N,0361,Alkmaar
1832,N,1980,Dijk en Waard
1834,N,1980,Dijk en Waard
1841,N,0361,Alkmaar
1842,N,0361,Alkmaar
1843,N,0361,Alkmaar
1844,N,0361,Alkmaar
1846,N,0361,Alkmaar
1847,N,0361,Alkmaar
1851,N,0399,Heiloo
1852,N,0399,Heiloo
1853,N,0399,Heiloo
1861,N,0373,Bergen (NH.)
1862,N,0373,Bergen (NH.)
1865,N,0373,Bergen (NH.)
1871,N,0373,Bergen (NH.)
1873,N,0373,Bergen (NH.)
1901,N,0383,Castricum
1902,N,0383,Castricum
1906,N,0383,Castricum
1911,N,0450,Uitgeest
1921,N,0383,Castricum
1931,N,0373,Bergen (NH.)
1934,N,0373,Bergen (NH.)
1935,N,0373,Bergen (NH.)
1941,N,0375,Beverwijk
1942,N,0375,Beverwijk
1943,N,0375,Beverwijk
1944,N,0375,Beverwijk
1945,N,0375,Beverwijk
1946,N,0375,Beverwijk
1947,N,0375,Beverwijk
1948,N,0375,Beverwijk
1949,N,0375,Beverwijk
1951,N,0453,Velsen
1961,N,0396,Heemskerk
1962,N,0396,Heemskerk
1963,N,0396,Heemskerk
1964,N,0396,Heemskerk
1965,N,0396,Heemskerk
1966,N,0396,Heemskerk
1967,N,0396,Heemskerk
1968,N,0396,Heemskerk
1969,N,0396,Heemskerk
1971,N,0453,Velsen
1972,N,0453,Velsen
1973,N,0453,Velsen
1974,N,0453,Velsen
1975,N,0453,Velsen
1976,N,0453,Velsen
1981,N,0453,Velsen
1985,N,0453,Velsen
1991,N,0453,Velsen
1992,N,0453,Velsen
2011,N,0392,Haarlem
2012,N,0392,Haarlem
2013,N,0392,Haarlem
2014,N,0392,Haarlem
2015,N,0392,Haarlem
2019,N,0392,Haarlem
2021,N,0392,Haarlem
2022,N,0392,Haarlem
2023,N,0392,Haarlem
2024,N,0392,Haarlem
2025,N,0392,Haarlem
2026,N,0392,Haarlem
2031,N,0392,Haarlem
2032,N,0392,Haarlem
2033,N,0392,Haarlem
2034,N,0392,Haarlem
2035,N,0392,Haarlem
2036,N,0392,Haarlem
2037,N,0392,Haarlem
2041,N,0473,Zandvoort
2042,N,0473,Zandvoort
2051,N,0377,Bloemendaal
2061,N,0377,Bloemendaal
2063,N,0392,Haarlem
2064,N,0394,Haarlemmermeer
2065,N,0394,Haarlemmermeer
2071,N,0453,Velsen
2081,N,0377,Bloemendaal
2082,N,0453,Velsen
2101,N,0397,Heemstede
2102,N,0397,Heemstede
2103,N,0397,Heemstede
2104,N,0397,Heemstede
2105,N,0397,Heemstede
2106,N,0397,Heemstede
2111,N,0377,Bloemendaal
2114,N,0377,Bloemendaal
2116,N,0473,Zandvoort
2121,N,0377,Bloemendaal
2131,N,0394,Haarlemmermeer
2132,N,0394,Haarlemmermeer
2133,N,0394,Haarlemmermeer
2134,N,0394,Haarlemmermeer
2135,N,0394,Haarlemmermeer
2136,N,0394,Haarlemmermeer
2141,N,0394,Haarlemmermeer
2142,N,0394,Haarlemmermeer
2143,N,0394,Haarlemmermeer
2144,N,0394,Haarlemmermeer
2151,N,0394,Haarlemmermeer
2152,N,0394,Haarlemmermeer
2153,N,0394,Haarlemmermeer
2154,N,0394,Haarlemmermeer
2155,N,0394,Haarlemmermeer
2156,N,0394,Haarlemmermeer
2157,N,0394,Haarlemmermeer
2158,N,0394,Haarlemmermeer
2159,N,1884,Kaag en Braassem
2161,N,0553,Lisse
2162,N,0553,Lisse
2163,N,0553,Lisse
2165,N,0394,Haarlemmermeer
2171,N,1525,Teylingen
2172,N,1525,Teylingen
2181,N,0534,Hillegom
2182,N,0534,Hillegom
2191,N,0575,Noordwijk
2201,N,0575,Noordwijk
2202,N,0575,Noordwijk
2203,N,0575,Noordwijk
2204,N,0575,Noordwijk
2211,N,0575,Noordwijk
2212,N,0575,Noordwijk
2215,N,1525,Teylingen
2216,N,1525,Teylingen
2221,N,0537,Katwijk
2222,N,0537,Katwijk
2223,N,0537,Katwijk
2224,N,0537,Katwijk
2225,N,0537,Katwijk
2231,N,0537,Katwijk
2232,N,0537,Katwijk
2235,N,0537,Katwijk
2236,N,0537,Katwijk
2241,N,0629,Wassenaar
2242,N,0629,Wassenaar
2243,N,0629,Wassenaar
2244,N,0629,Wassenaar
2245,N,0629,Wassenaar
2251,N,0626,Voorschoten
2252,N,0626,Voorschoten
2253,N,0626,Voorschoten
2254,N,0626,Voorschoten
2261,N,1916,Leidschendam-Voorburg
2262,N,1916,Leidschendam-Voorburg
2263,N,1916,Leidschendam-Voorburg
2264,N,1916,Leidschendam-Voorburg
2265,N,1916,Leidschendam-Voorburg
2266,N,1916,Leidschendam-Voorburg
2267,N,1916,Leidschendam-Voorburg
2268,N,0518,'s-Gravenhage
2271,N,1916,Leidschendam-Voorburg
2272,N,1916,Leidschendam-Voorburg
2273,N,1916,Leidschendam-Voorburg
2274,N,1916,Leidschendam-Voorburg
2275,N,1916,Leidschendam-Voorburg
2281,N,0603,Rijswijk
2282,N,0603,Rijswijk
2283,N,0603,Rijswijk
2284,N,0603,Rijswijk
2285,N,0603,Rijswijk
2286,N,0603,Rijswijk
2287,N,0603,Rijswijk
2288,N,0603,Rijswijk
2289,N,0603,Rijswijk
2291,N,1783,Westland
2292,N,1783,Westland
2295,N,1783,Westland
2311,N,0546,Leiden
2312,N,0546,Leiden
2313,N,0546,Leiden
2314,N,0546,Leiden
2315,N,0546,Leiden
2316,N,0546,Leiden
2317,N,0546,Leiden
2318,N,0546,Leiden
2321,N,0546,Leiden
2322,N,0546,Leiden
2323,N,0546,Leiden
2324,N,0546,Leiden
2331,N,0546,Leiden
2332,N,0546,Leiden
2333,N,0546,Leiden
2334,N,0546,Leiden
2341,N,0579,Oegstgeest
2342,N,0579,Oegstgeest
2343,N,0579,Oegstgeest
2351,N,0547,Leiderdorp
2352,N,0547,Leiderdorp
2353,N,0547,Leiderdorp
2355,N,1884,Kaag en Braassem
2361,N,1525,Teylingen
2362,N,1525,Teylingen
2371,N,1884,Kaag en Braassem
2374,N,1884,Kaag en Braassem
2375,N,1884,Kaag en Braassem
2376,N,1884,Kaag en Braassem
2377,N,1884,Kaag en Braassem
2381,N,0638,Zoeterwoude
2382,N,0638,Zoeterwoude
2391,N,0484,Alphen aan den Rijn
2394,N,0484,Alphen aan den Rijn
2396,N,0484,Alphen aan den Rijn
2401,N,0484,Alphen aan den Rijn
2402,N,0484,Alphen aan den Rijn
2403,N,0484,Alphen aan den Rijn
2404,N,0484,Alphen aan den Rijn
2405,N,0484,Alphen aan den Rijn
2406,N,0484,Alphen aan den Rijn
2407,N,0484,Alphen aan den Rijn
2408,N,0484,Alphen aan den Rijn
2409,N,0484,Alphen aan den Rijn
2411,N,1901,Bodegraven-Reeuwijk
2412,N,1901,Bodegraven-Reeuwijk
2415,N,1901,Bodegraven-Reeuwijk
2421,N,0569,Nieuwkoop
2431,N,0569,Nieuwkoop
2432,N,0569,Nieuwkoop
2435,N,0569,Nieuwkoop
2441,N,0569,Nieuwkoop
2445,N,0484,Alphen aan den Rijn
2451,N,1884,Kaag en Braassem
2461,N,0569,Nieuwkoop
2465,N,1884,Kaag en Braassem
2471,N,0484,Alphen aan den Rijn
2481,N,1884,Kaag en Braassem
2491,N,0518,'s-Gravenhage
2492,N,0518,'s-Gravenhage
2493,N,0518,'s-Gravenhage
2495,N,0518,'s-Gravenhage
2496,N,0518,'s-Gravenhage
2497,N,0518,'s-Gravenhage
2498,N,0518,'s-Gravenhage
2511,N,0518,'s-Gravenhage
2512,N,0518,'s-Gravenhage
2513,N,0518,'s-Gravenhage
2514,N,0518,'s-Gravenhage
2515,N,0518,'s-Gravenhage
2516,N,0518,'s-Gravenhage
2517,N,0518,'s-Gravenhage
2518,N,0518,'s-Gravenhage
2521,N,0518,'s-Gravenhage
2522,N,0518,'s-Gravenhage
2523,N,0518,'s-Gravenhage
2524,N,0518,'s-Gravenhage
2525,N,0518,'s-Gravenhage
2526,N,0518,'s-Gravenhage
2531,N,0518,'s-Gravenhage
2532,N,0518,'s-Gravenhage
2533,N,0518,'s-Gravenhage
2541,N,0518,'s-Gravenhage
2542,N,0518,'s-Gravenhage
2543,N,0518,'s-Gravenhage
2544,N,0518,'s-Gravenhage
2545,N,0518,'s-Gravenhage
2546,N,0518,'s-Gravenhage
2547,N,0518,'s-Gravenhage
2548,N,0518,'s-Gravenhage
2551,N,0518,'s-Gravenhage
2552,N,0518,'s-Gravenhage
2553,N,0518,'s-Gravenhage
2554,N,0518,'s-Gravenhage
2555,N,0518,'s-Gravenhage
2561,N,0518,'s-Gravenhage
2562,N,0518,'s-Gravenhage
2563,N,0518,'s-Gravenhage
2564,N,0518,'s-Gravenhage
2565,N,0518,'s-Gravenhage
2566,N,0518,'s-Gravenhage
2571,N,0518,'s-Gravenhage
2572,N,0518,'s-Gravenhage
2573,N,0518,'s-Gravenhage
2574,N,0518,'s-Gravenhage
2581,N,0518,'s-Gravenhage
2582,N,0518,'s-Gravenhage
2583,N,0518,'s-Gravenhage
2584,N,0518,'s-Gravenhage
2585,N,0518,'s-Gravenhage
2586,N,0518,'s-Gravenhage
2587,N,0518,'s-Gravenhage
2591,N,0518,'s-Gravenhage
2592,N,0518,'s-Gravenhage
2593,N,0518,'s-Gravenhage
2594,N,0518,'s-Gravenhage
2595,N,0518,'s-Gravenhage
2596,N,0518,'s-Gravenhage
2597,N,0518,'s-Gravenhage
2611,N,0503,Delft
2612,N,0503,Delft
2613,N,0503,Delft
2614,N,0503,Delft
2616,N,0503,Delft
2622,N,0503,Delft
2623,N,0503,Delft
2624,N,0503,Delft
2625,N,0503,Delft
2626,N,0503,Delft
2627,N,0503,Delft
2628,N,0503,Delft
2629,N,0503,Delft
2631,N,1926,Pijnacker-Nootdorp
2632,N,1926,Pijnacker-Nootdorp
2633,N,0518,'s-Gravenhage
2635,N,1842,Midden-Delfland
2636,N,1842,Midden-Delfland
2641,N,1926,Pijnacker-Nootdorp
2642,N,1926,Pijnacker-Nootdorp
2643,N,1926,Pijnacker-Nootdorp
2645,N,1926,Pijnacker-Nootdorp
2651,N,1621,Lansingerland
2652,N,1621,Lansingerland
2661,N,1621,Lansingerland
2662,N,1621,Lansingerland
2665,N,1621,Lansingerland
2671,N,1783,Westland
2672,N,1783,Westland
2673,N,1783,Westland
2675,N,1783,Westland
2676,N,1783,Westland
2678,N,1783,Westland
2681,N,1783,Westland
2684,N,1783,Westland
2685,N,1783,Westland
2691,N,1783,Westland
2692,N,1783,Westland
2693,N,1783,Westland
2694,N,1783,Westland
2711,N,0637,Zoetermeer
2712,N,0637,Zoetermeer
2713,N,0637,Zoetermeer
2715,N,0637,Zoetermeer
2716,N,0637,Zoetermeer
2717,N,0637,Zoetermeer
2718,N,0637,Zoetermeer
2719,N,0637,Zoetermeer
2721,N,0637,Zoetermeer
2722,N,0637,Zoetermeer
2723,N,0637,Zoetermeer
2724,N,0637,Zoetermeer
2725,N,0637,Zoetermeer
2726,N,0637,Zoetermeer
2727,N,0637,Zoetermeer
2728,N,0637,Zoetermeer
2729,N,0637,Zoetermeer
2731,N,0484,Alphen aan den Rijn
2735,N,0638,Zoeterwoude
2741,N,0627,Waddinxveen
2742,N,0627,Waddinxveen
2743,N,0627,Waddinxveen
2751,N,1892,Zuidplas
2752,N,1892,Zuidplas
2761,N,1892,Zuidplas
2771,N,0484,Alphen aan den Rijn
2801,N,0513,Gouda
2802,N,0513,Gouda
2803,N,0513,Gouda
2804,N,0513,Gouda
2805,N,0513,Gouda
2806,N,0513,Gouda
2807,N,0513,Gouda
2808,N,0513,Gouda
2809,N,0513,Gouda
2811,N,1901,Bodegraven-Reeuwijk
2821,N,1931,Krimpenerwaard
2825,N,1931,Krimpenerwaard
2831,N,1931,Krimpenerwaard
2841,N,1892,Zuidplas
2851,N,1931,Krimpenerwaard
2855,N,1931,Krimpenerwaard
2861,N,1931,Krimpenerwaard
2865,N,1931,Krimpenerwaard
2871,N,1931,Krimpenerwaard
2872,N,1931,Krimpenerwaard
2901,N,0502,Capelle aan den IJssel
2902,N,0502,Capelle aan den IJssel
2903,N,0502,Capelle aan den IJssel
2904,N,0502,Capelle aan den IJssel
2905,N,0502,Capelle aan den IJssel
2906,N,0502,Capelle aan den IJssel
2907,N,0502,Capelle aan den IJssel
2908,N,0502,Capelle aan den IJssel
2909,N,0502,Capelle aan den IJssel
2911,N,1892,Zuidplas
2912,N,1892,Zuidplas
2913,N,1892,Zuidplas
2914,N,1892,Zuidplas
2921,N,0542,Krimpen aan den IJssel
2922,N,0542,Krimpen aan den IJssel
2923,N,0542,Krimpen aan den IJssel
2924,N,0542,Krimpen aan den IJssel
2925,N,0542,Krimpen aan den IJssel
2926,N,0542,Krimpen aan den IJssel
2931,N,1931,Krimpenerwaard
2935,N,1931,Krimpenerwaard
2941,N,1931,Krimpenerwaard
2951,N,0482,Alblasserdam
2952,N,0482,Alblasserdam
2953,N,0482,Alblasserdam
2954,N,0482,Alblasserdam
2957,N,1978,Molenlanden
2959,N,1978,Molenlanden
2961,N,1978,Molenlanden
2964,N,1978,Molenlanden
2965,N,1978,Molenlanden
2967,N,1978,Molenlanden
2968,N,1978,Molenlanden
2969,N,1978,Molenlanden
2971,N,1978,Molenlanden
2973,N,1978,Molenlanden
2974,N,1978,Molenlanden
2975,N,1978,Molenlanden
2977,N,1978,Molenlanden
2981,N,0597,Ridderkerk
2982,N,0597,Ridderkerk
2983,N,0597,Ridderkerk
2984,N,0597,Ridderkerk
2985,N,0597,Ridderkerk
2986,N,0597,Ridderkerk
2987,N,0597,Ridderkerk
2988,N,0597,Ridderkerk
2989,N,0597,Ridderkerk
2991,N,0489,Barendrecht
2992,N,0489,Barendrecht
2993,N,0489,Barendrecht
2994,N,0489,Barendrecht
2995,N,0642,Zwijndrecht
3011,N,0599,Rotterdam
3012,N,0599,Rotterdam
3013,N,0599,Rotterdam
3014,N,0599,Rotterdam
3015,N,0599,Rotterdam
3016,N,0599,Rotterdam
3021,N,0599,Rotterdam
3022,N,0599,Rotterdam
3023,N,0599,Rotterdam
3024,N,0599,Rotterdam
3025,N,0599,Rotterdam
3026,N,0599,Rotterdam
3027,N,0599,Rotterdam
3028,N,0599,Rotterdam
3029,N,0599,Rotterdam
3031,N,0599,Rotterdam
3032,N,0599,Rotterdam
3033,N,0599,Rotterdam
3034,N,0599,Rotterdam
3035,N,0599,Rotterdam
3036,N,0599,Rotterdam
3037,N,0599,Rotterdam
3038,N,0599,Rotterdam
3039,N,0599,Rotterdam
3041,N,0599,Rotterdam
3042,N,0599,Rotterdam
3043,N,0599,Rotterdam
3044,N,0599,Rotterdam
3045,N,0599,Rotterdam
3046,N,0599,Rotterdam
3047,N,0599,Rotterdam
3051,N,0599,Rotterdam
3052,N,0599,Rotterdam
3053,N,0599,Rotterdam
3054,N,0599,Rotterdam
3055,N,0599,Rotterdam
3056,N,0599,Rotterdam
3059,N,0599,Rotterdam
3061,N,0599,Rotterdam
3062,N,0599,Rotterdam
3063,N,0599,Rotterdam
3064,N,0599,Rotterdam
3065,N,0599,Rotterdam
3066,N,0599,Rotterdam
3067,N,0599,Rotterdam
3068,N,0599,Rotterdam
3069,N,0599,Rotterdam
3071,N,0599,Rotterdam
3072,N,0599,Rotterdam
3073,N,0599,Rotterdam
3074,N,0599,Rotterdam
3075,N,0599,Rotterdam
3076,N,0599,Rotterdam
3077,N,0599,Rotterdam
3078,N,0599,Rotterdam
3079,N,0599,Rotterdam
3081,N,0599,Rotterdam
3082,N,0599,Rotterdam
3083,N,0599,Rotterdam
3084,N,0599,Rotterdam
3085,N,0599,Rotterdam
3086,N,0599,Rotterdam
3087,N,0599,Rotterdam
3088,N,0599,Rotterdam
3089,N,0599,Rotterdam
3111,N,0606,Schiedam
3112,N,0606,Schiedam
3113,N,0606,Schiedam
3114,N,0606,Schiedam
3115,N,0606,Schiedam
3116,N,0606,Schiedam
3117,N,0606,Schiedam
3118,N,0606,Schiedam
3119,N,0606,Schiedam
3121,N,0606,Schiedam
3122,N,0606,Schiedam
3123,N,0606,Schiedam
3124,N,0606,Schiedam
3125,N,0606,Schiedam
3131,N,0622,Vlaardingen
3132,N,0622,Vlaardingen
3133,N,0622,Vlaardingen
3134,N,0622,Vlaardingen
3135,N,0622,Vlaardingen
3136,N,0622,Vlaardingen
3137,N,0622,Vlaardingen
3138,N,0622,Vlaardingen
3141,N,0556,Maassluis
3142,N,0556,Maassluis
3143,N,0556,Maassluis
3144,N,0556,Maassluis
3145,N,0556,Maassluis
3146,N,0556,Maassluis
3147,N,0556,Maassluis
3151,N,0599,Rotterdam
3155,N,1842,Midden-Delfland
3161,N,0613,Albrandswaard
3162,N,0613,Albrandswaard
3165,N,0613,Albrandswaard
3171,N,0613,Albrandswaard
3172,N,0613,Albrandswaard
3173,N,0599,Rotterdam
3174,N,0599,Rotterdam
3175,N,0599,Rotterdam
3176,N,0613,Albrandswaard
3181,N,0599,Rotterdam
3191,N,0599,Rotterdam
3192,N,0599,Rotterdam
3193,N,0599,Rotterdam
3194,N,0599,Rotterdam
3195,N,0599,Rotterdam
3196,N,0599,Rotterdam
3197,N,0599,Rotterdam
3198,N,0599,Rotterdam
3199,N,0599,Rotterdam
3201,N,1930,Nissewaard
3202,N,1930,Nissewaard
3203,N,1930,Nissewaard
3204,N,1930,Nissewaard
3205,N,1930,Nissewaard
3206,N,1930,Nissewaard
3207,N,1930,Nissewaard
3208,N,1930,Nissewaard
3209,N,1930,Nissewaard
3211,N,1930,Nissewaard
3212,N,1930,Nissewaard
3214,N,1930,Nissewaard
3216,N,1930,Nissewaard
3218,N,1930,Nissewaard
3221,N,1992,Voorne aan Zee
3222,N,1992,Voorne aan Zee
3223,N,1992,Voorne aan Zee
3224,N,1992,Voorne aan Zee
3225,N,1992,Voorne aan Zee
3227,N,1992,Voorne aan Zee
3231,N,1992,Voorne aan Zee
3232,N,1992,Voorne aan Zee
3233,N,1992,Voorne aan Zee
3234,N,1992,Voorne aan Zee
3235,N,1992,Voorne aan Zee
3237,N,1992,Voorne aan Zee
3238,N,1992,Voorne aan Zee
3241,N,1924,Goeree-Overflakkee
3243,N,1924,Goeree-Overflakkee
3244,N,1924,Goeree-Overflakkee
3245,N,1924,Goeree-Overflakkee
3247,N,1924,Goeree-Overflakkee
3248,N,1924,Goeree-Overflakkee
3249,N,1924,Goeree-Overflakkee
3251,N,1924,Goeree-Overflakkee
3252,N,1924,Goeree-Overflakkee
3253,N,1924,Goeree-Overflakkee
3255,N,1924,Goeree-Overflakkee
3256,N,1924,Goeree-Overflakkee
3257,N,1924,Goeree-Overflakkee
3258,N,1924,Goeree-Overflakkee
3261,N,1963,Hoeksche Waard
3262,N,1963,Hoeksche Waard
3263,N,1963,Hoeksche Waard
3264,N,1963,Hoeksche Waard
3265,N,1963,Hoeksche Waard
3267,N,1963,Hoeksche Waard
3271,N,1963,Hoeksche Waard
3273,N,1963,Hoeksche Waard
3274,N,1963,Hoeksche Waard
3281,N,1963,Hoeksche Waard
3284,N,1963,Hoeksche Waard
3286,N,1963,Hoeksche Waard
3291,N,1963,Hoeksche Waard
3292,N,1963,Hoeksche Waard
3293,N,1963,Hoeksche Waard
3295,N,1963,Hoeksche Waard
3297,N,1963,Hoeksche Waard
3299,N,1963,Hoeksche Waard
3311,N,0505,Dordrecht
3312,N,0505,Dordrecht
3313,N,0505,Dordrecht
3314,N,0505,Dordrecht
3315,N,0505,Dordrecht
3316,N,0505,Dordrecht
3317,N,0505,Dordrecht
3318,N,0505,Dordrecht
3319,N,0505,Dordrecht
3328,N,0505,Dordrecht
3329,N,0505,Dordrecht
3331,N,0642,Zwijndrecht
3332,N,0642,Zwijndrecht
3333,N,0642,Zwijndrecht
3334,N,0642,Zwijndrecht
3335,N,0642,Zwijndrecht
3336,N,0642,Zwijndrecht
3341,N,0531,Hendrik-Ido-Ambacht
3342,N,0531,Hendrik-Ido-Ambacht
3343,N,0531,Hendrik-Ido-Ambacht
3344,N,0531,Hendrik-Ido-Ambacht
3351,N,0590,Papendrecht
3352,N,0590,Papendrecht
3353,N,0590,Papendrecht
3354,N,0590,Papendrecht
3355,N,0590,Papendrecht
3356,N,0590,Papendrecht
3361,N,0610,Sliedrecht
3362,N,0610,Sliedrecht
3363,N,0610,Sliedrecht
3364,N,0610,Sliedrecht
3366,N,1978,Molenlanden
3371,N,0523,Hardinxveld-Giessendam
3372,N,0523,Hardinxveld-Giessendam
3373,N,0523,Hardinxveld-Giessendam
3381,N,1978,Molenlanden
3401,N,0353,IJsselstein
3402,N,0353,IJsselstein
3403,N,0353,IJsselstein
3404,N,0353,IJsselstein
3405,N,0331,Lopik
3411,N,0331,Lopik
3412,N,0331,Lopik
3413,N,0331,Lopik
3415,N,0331,Lopik
3417,N,0335,Montfoort
3421,N,0589,Oudewater
3425,N,0589,Oudewater
3431,N,0356,Nieuwegein
3432,N,0356,Nieuwegein
3433,N,0356,Nieuwegein
3434,N,0356,Nieuwegein
3435,N,0356,Nieuwegein
3436,N,0356,Nieuwegein
3437,N,0356,Nieuwegein
3438,N,0356,Nieuwegein
3439,N,0356,Nieuwegein
3441,N,0632,Woerden
3442,N,0632,Woerden
3443,N,0632,Woerden
3444,N,0632,Woerden
3445,N,0632,Woerden
3446,N,0632,Woerden
3447,N,0632,Woerden
3448,N,0632,Woerden
3449,N,0632,Woerden
3451,N,0344,Utrecht
3452,N,0344,Utrecht
3453,N,0344,Utrecht
3454,N,0344,Utrecht
3455,N,0344,Utrecht
3461,N,0335,Montfoort
3464,N,0589,Oudewater
3465,N,1901,Bodegraven-Reeuwijk
3466,N,1901,Bodegraven-Reeuwijk
3467,N,0589,Oudewater
3471,N,0632,Woerden
3474,N,0632,Woerden
3481,N,0632,Woerden
3511,N,0344,Utrecht
3512,N,0344,Utrecht
3513,N,0344,Utrecht
3514,N,0344,Utrecht
3515,N,0344,Utrecht
3521,N,0344,Utrecht
3522,N,0344,Utrecht
3523,N,0344,Utrecht
3524,N,0344,Utrecht
3525,N,0344,Utrecht
3526,N,0344,Utrecht
3527,N,0344,Utrecht
3528,N,0344,Utrecht
3531,N,0344,Utrecht
3532,N,0344,Utrecht
3533,N,0344,Utrecht
3534,N,0344,Utrecht
3541,N,0344,Utrecht
3542,N,0344,Utrecht
3543,N,0344,Utrecht
3544,N,0344,Utrecht
3545,N,0344,Utrecht
3546,N,0344,Utrecht
3551,N,0344,Utrecht
3552,N,0344,Utrecht
3553,N,0344,Utrecht
3554,N,0344,Utrecht
3555,N,0344,Utrecht
3561,N,0344,Utrecht
3562,N,0344,Utrecht
3563,N,0344,Utrecht
3564,N,0344,Utrecht
3565,N,0344,Utrecht
3566,N,0344,Utrecht
3571,N,0344,Utrecht
3572,N,0344,Utrecht
3573,N,0344,Utrecht
3581,N,0344,Utrecht
3582,N,0344,Utrecht
3583,N,0344,Utrecht
3584,N,0344,Utrecht
3585,N,0344,Utrecht
3601,N,1904,Stichtse Vecht
3602,N,1904,Stichtse Vecht
3603,N,1904,Stichtse Vecht
3604,N,1904,Stichtse Vecht
3605,N,1904,Stichtse Vecht
3606,N,1904,Stichtse Vecht
3607,N,1904,Stichtse Vecht
3608,N,1904,Stichtse Vecht
3611,N,1904,Stichtse Vecht
3612,N,1904,Stichtse Vecht
3615,N,0310,De Bilt
3621,N,1904,Stichtse Vecht
3625,N,1696,Wijdemeren
3626,N,1904,Stichtse Vecht
3628,N,1904,Stichtse Vecht
3631,N,1904,Stichtse Vecht
3632,N,1904,Stichtse Vecht
3633,N,1904,Stichtse Vecht
3634,N,1904,Stichtse Vecht
3641,N,0736,De Ronde Venen
3642,N,0736,De Ronde Venen
3643,N,0736,De Ronde Venen
3645,N,0736,De Ronde Venen
3646,N,0736,De Ronde Venen
3648,N,0736,De Ronde Venen
3651,N,0569,Nieuwkoop
3652,N,0569,Nieuwkoop
3653,N,0569,Nieuwkoop
3701,N,0355,Zeist
3702,N,0355,Zeist
3703,N,0355,Zeist
3704,N,0355,Zeist
3705,N,0355,Zeist
3706,N,0355,Zeist
3707,N,0355,Zeist
3708,N,0355,Zeist
3709,N,0355,Zeist
3711,N,0355,Zeist
3712,N,0355,Zeist
3721,N,0310,De Bilt
3722,N,0310,De Bilt
3723,N,0310,De Bilt
3731,N,0310,De Bilt
3732,N,0310,De Bilt
3734,N,0355,Zeist
3735,N,0355,Zeist
3737,N,0310,De Bilt
3738,N,0310,De Bilt
3739,N,0310,De Bilt
3741,N,0308,Baarn
3742,N,0308,Baarn
3743,N,0308,Baarn
3744,N,0308,Baarn
3749,N,0308,Baarn
3751,N,0313,Bunschoten
3752,N,0313,Bunschoten
3754,N,0313,Bunschoten
3755,N,0317,Eemnes
3761,N,0342,Soest
3762,N,0342,Soest
3763,N,0342,Soest
3764,N,0342,Soest
3765,N,0342,Soest
3766,N,0342,Soest
3768,N,0342,Soest
3769,N,0342,Soest
3771,N,0203,Barneveld
3772,N,0203,Barneveld
3773,N,0203,Barneveld
3774,N,0203,Barneveld
3775,N,0203,Barneveld
3776,N,0203,Barneveld
3781,N,0203,Barneveld
3784,N,0203,Barneveld
3785,N,0203,Barneveld
3791,N,0327,Leusden
3792,N,0203,Barneveld
3794,N,0203,Barneveld
3811,N,0307,Amersfoort
3812,N,0307,Amersfoort
3813,N,0307,Amersfoort
3814,N,0307,Amersfoort
3815,N,0307,Amersfoort
3816,N,0307,Amersfoort
3817,N,0307,Amersfoort
3818,N,0307,Amersfoort
3819,N,0307,Amersfoort
3821,N,0307,Amersfoort
3822,N,0307,Amersfoort
3823,N,0307,Amersfoort
3824,N,0307,Amersfoort
3825,N,0307,Amersfoort
3826,N,0307,Amersfoort
3828,N,0307,Amersfoort
3829,N,0307,Amersfoort
3831,N,0327,Leusden
3832,N,0327,Leusden
3833,N,0327,Leusden
3834,N,0327,Leusden
3835,N,0327,Leusden
3836,N,0307,Amersfoort
3841,N,0243,Harderwijk
3842,N,0243,Harderwijk
3843,N,0243,Harderwijk
3844,N,0243,Harderwijk
3845,N,0243,Harderwijk
3846,N,0243,Harderwijk
3847,N,0243,Harderwijk
3848,N,0243,Harderwijk
3849,N,0243,Harderwijk
3851,N,0233,Ermelo
3852,N,0233,Ermelo
3853,N,0233,Ermelo
3861,N,0267,Nijkerk
3862,N,0267,Nijkerk
3863,N,0267,Nijkerk
3864,N,0267,Nijkerk
3871,N,0267,Nijkerk
3881,N,0273,Putten
3882,N,0273,Putten
3886,N,0203,Barneveld
3888,N,0200,Apeldoorn
3891,N,0050,Zeewolde
3892,N,0050,Zeewolde
3893,N,0050,Zeewolde
3894,N,0050,Zeewolde
3895,N,0050,Zeewolde
3896,N,0050,Zeewolde
3897,N,0050,Zeewolde
3898,N,0050,Zeewolde
3899,N,0050,Zeewolde
3901,N,0345,Veenendaal
3902,N,0345,Veenendaal
3903,N,0345,Veenendaal
3904,N,0345,Veenendaal
3905,N,0345,Veenendaal
3906,N,0345,Veenendaal
3907,N,0345,Veenendaal
3911,N,0340,Rhenen
3912,N,0340,Rhenen
3921,N,0340,Rhenen
3922,N,0340,Rhenen
3925,N,0279,Scherpenzeel
3927,N,0339,Renswoude
3931,N,0351,Woudenberg
3941,N,1581,Utrechtse Heuvelrug
3945,N,0352,Wijk bij Duurstede
3947,N,0352,Wijk bij Duurstede
3951,N,1581,Utrechtse Heuvelrug
3953,N,1581,Utrechtse Heuvelrug
3956,N,1581,Utrechtse Heuvelrug
3958,N,1581,Utrechtse Heuvelrug
3959,N,1581,Utrechtse Heuvelrug
3961,N,0352,Wijk bij Duurstede
3962,N,0352,Wijk bij Duurstede
3971,N,1581,Utrechtse Heuvelrug
3972,N,1581,Utrechtse Heuvelrug
3981,N,0312,Bunnik
3984,N,0312,Bunnik
3985,N,0312,Bunnik
3989,N,1961,Vijfheerenlanden
3991,N,0321,Houten
3992,N,0321,Houten
3993,N,0321,Houten
3994,N,0321,Houten
3995,N,0321,Houten
3997,N,0321,Houten
3998,N,0321,Houten
3999,N,0321,Houten
4001,N,0281,Tiel
4002,N,0281,Tiel
4003,N,0281,Tiel
4004,N,0281,Tiel
4005,N,0281,Tiel
4006,N,0281,Tiel
4007,N,0281,Tiel
4011,N,0214,Buren
4012,N,0214,Buren
4013,N,0281,Tiel
4014,N,0281,Tiel
4016,N,0214,Buren
4017,N,0281,Tiel
4021,N,0214,Buren
4023,N,0214,Buren
4024,N,0214,Buren
4031,N,0214,Buren
4032,N,0214,Buren
4033,N,0214,Buren
4041,N,1740,Neder-Betuwe
4043,N,1740,Neder-Betuwe
4051,N,1740,Neder-Betuwe
4053,N,1740,Neder-Betuwe
4054,N,1740,Neder-Betuwe
4061,N,1960,West Betuwe
4062,N,0281,Tiel
4063,N,1960,West Betuwe
4064,N,1960,West Betuwe
4101,N,0216,Culemborg
4102,N,0216,Culemborg
4103,N,0216,Culemborg
4104,N,0216,Culemborg
4105,N,0216,Culemborg
4106,N,0216,Culemborg
4107,N,0216,Culemborg
4111,N,0214,Buren
4112,N,0214,Buren
4115,N,0214,Buren
4116,N,0214,Buren
4117,N,0214,Buren
4119,N,0214,Buren
4121,N,1961,Vijfheerenlanden
4122,N,1961,Vijfheerenlanden
4124,N,1961,Vijfheerenlanden
4125,N,1961,Vijfheerenlanden
4126,N,1961,Vijfheerenlanden
4128,N,1961,Vijfheerenlanden
4131,N,1961,Vijfheerenlanden
4132,N,1961,Vijfheerenlanden
4133,N,1961,Vijfheerenlanden
4141,N,1961,Vijfheerenlanden
4142,N,1961,Vijfheerenlanden
4143,N,1961,Vijfheerenlanden
4145,N,1961,Vijfheerenlanden
4147,N,1960,West Betuwe
4151,N,1960,West Betuwe
4152,N,1960,West Betuwe
4153,N,1960,West Betuwe
4155,N,1960,West Betuwe
4156,N,1960,West Betuwe
4157,N,1960,West Betuwe
4158,N,1960,West Betuwe
4161,N,1960,West Betuwe
4163,N,1961,Vijfheerenlanden
4171,N,1960,West Betuwe
4174,N,1960,West Betuwe
4175,N,1960,West Betuwe
4176,N,1960,West Betuwe
4181,N,1960,West Betuwe
4182,N,1960,West Betuwe
4184,N,1960,West Betuwe
4185,N,1960,West Betuwe
4191,N,1960,West Betuwe
4194,N,1960,West Betuwe
4196,N,1960,West Betuwe
4197,N,1960,West Betuwe
4201,N,0512,Gorinchem
4202,N,0512,Gorinchem
4203,N,0512,Gorinchem
4204,N,0512,Gorinchem
4205,N,0512,Gorinchem
4206,N,0512,Gorinchem
4207,N,0512,Gorinchem
4208,N,0512,Gorinchem
4209,N,1978,Molenlanden
4211,N,1960,West Betuwe
4212,N,1960,West Betuwe
4213,N,0512,Gorinchem
4214,N,1960,West Betuwe
4221,N,1978,Molenlanden
4223,N,1978,Molenlanden
4225,N,1978,Molenlanden
4231,N,1961,Vijfheerenlanden
4233,N,1961,Vijfheerenlanden
4235,N,1961,Vijfheerenlanden
4241,N,1978,Molenlanden
4243,N,1961,Vijfheerenlanden
4245,N,1961,Vijfheerenlanden
4247,N,1961,Vijfheerenlanden
4251,N,1959,Altena
4254,N,1959,Altena
4255,N,1959,Altena
4261,N,1959,Altena
4264,N,1959,Altena
4265,N,1959,Altena
4266,N,1959,Altena
4267,N,1959,Altena
4268,N,1959,Altena
4269,N,1959,Altena
4271,N,1959,Altena
4273,N,1959,Altena
4281,N,1959,Altena
4283,N,1959,Altena
4284,N,1959,Altena
4285,N,1959,Altena
4286,N,1959,Altena
4287,N,1959,Altena
4288,N,1959,Altena
4301,N,1676,Schouwen-Duiveland
4302,N,1676,Schouwen-Duiveland
4303,N,1676,Schouwen-Duiveland
4305,N,1676,Schouwen-Duiveland
4306,N,1676,Schouwen-Duiveland
4307,N,1676,Schouwen-Duiveland
4308,N,1676,Schouwen-Duiveland
4311,N,1676,Schouwen-Duiveland
4315,N,1676,Schouwen-Duiveland
4316,N,1676,Schouwen-Duiveland
4317,N,1676,Schouwen-Duiveland
4318,N,1676,Schouwen-Duiveland
4321,N,1676,Schouwen-Duiveland
4322,N,1676,Schouwen-Duiveland
4323,N,1676,Schouwen-Duiveland
4325,N,1676,Schouwen-Duiveland
4326,N,1676,Schouwen-Duiveland
4327,N,1676,Schouwen-Duiveland
4328,N,1676,Schouwen-Duiveland
4331,N,0687,Middelburg
4332,N,0687,Middelburg
4333,N,0687,Middelburg
4334,N,0687,Middelburg
4335,N,0687,Middelburg
4336,N,0687,Middelburg
4337,N,0687,Middelburg
4338,N,0687,Middelburg
4339,N,0687,Middelburg
4341,N,0687,Middelburg
4351,N,0717,Veere
4352,N,0717,Veere
4353,N,0717,Veere
4354,N,0717,Veere
4356,N,0717,Veere
4357,N,0717,Veere
4361,N,0717,Veere
4363,N,0717,Veere
4364,N,0717,Veere
4365,N,0717,Veere
4371,N,0717,Veere
4373,N,0717,Veere
4374,N,0717,Veere
4381,N,0718,Vlissingen
4382,N,0718,Vlissingen
4383,N,0718,Vlissingen
4384,N,0718,Vlissingen
4385,N,0718,Vlissingen
4386,N,0718,Vlissingen
4387,N,0718,Vlissingen
4388,N,0718,Vlissingen
4389,N,0718,Vlissingen
4401,N,0703,Reimerswaal
4411,N,0703,Reimerswaal
4413,N,0703,Reimerswaal
4414,N,0703,Reimerswaal
4415,N,0703,Reimerswaal
4416,N,0703,Reimerswaal
4417,N,0703,Reimerswaal
4421,N,0678,Kapelle
4423,N,0678,Kapelle
4424,N,0678,Kapelle
4431,N,0654,Borsele
4433,N,0654,Borsele
4434,N,0654,Borsele
4435,N,0654,Borsele
4436,N,0654,Borsele
4437,N,0654,Borsele
4438,N,0654,Borsele
4441,N,0654,Borsele
4443,N,0654,Borsele
4444,N,0654,Borsele
4451,N,0654,Borsele
4453,N,0654,Borsele
4454,N,0654,Borsele
4455,N,0654,Borsele
4456,N,0654,Borsele
4458,N,0664,Goes
4461,N,0664,Goes
4462,N,0664,Goes
4463,N,0664,Goes
4464,N,0664,Goes
4465,N,0664,Goes
4471,N,0664,Goes
4472,N,0664,Goes
4474,N,0664,Goes
4475,N,0664,Goes
4481,N,0664,Goes
4482,N,0678,Kapelle
4484,N,1695,Noord-Beveland
4485,N,1695,Noord-Beveland
4486,N,1695,Noord-Beveland
4491,N,1695,Noord-Beveland
4493,N,1695,Noord-Beveland
4494,N,1695,Noord-Beveland
4501,N,1714,Sluis
4503,N,1714,Sluis
4504,N,1714,Sluis
4505,N,1714,Sluis
4506,N,1714,Sluis
4507,N,1714,Sluis
4508,N,1714,Sluis
4511,N,1714,Sluis
4513,N,1714,Sluis
4515,N,1714,Sluis
4521,N,0715,Terneuzen
4522,N,1714,Sluis
4524,N,1714,Sluis
4525,N,1714,Sluis
4527,N,1714,Sluis
4528,N,1714,Sluis
4529,N,1714,Sluis
4531,N,0715,Terneuzen
4532,N,0715,Terneuzen
4533,N,0715,Terneuzen
4535,N,0715,Terneuzen
4536,N,0715,Terneuzen
4537,N,0715,Terneuzen
4538,N,0715,Terneuzen
4539,N,0715,Terneuzen
4541,N,0715,Terneuzen
4542,N,0715,Terneuzen
4543,N,0715,Terneuzen
4551,N,0715,Terneuzen
4553,N,0715,Terneuzen
4554,N,0715,Terneuzen
4561,N,0677,Hulst
4562,N,0677,Hulst
4564,N,0677,Hulst
4565,N,0677,Hulst
4566,N,0677,Hulst
4567,N,0677,Hulst
4568,N,0677,Hulst
4569,N,0677,Hulst
4571,N,0715,Terneuzen
4574,N,0715,Terneuzen
4575,N,0715,Terneuzen
4576,N,0715,Terneuzen
4581,N,0677,Hulst
4583,N,0677,Hulst
4584,N,0677,Hulst
4585,N,0677,Hulst
4586,N,0677,Hulst
4587,N,0677,Hulst
4588,N,0677,Hulst
4589,N,0677,Hulst
4611,N,0748,Bergen op Zoom
4612,N,0748,Bergen op Zoom
4613,N,0748,Bergen op Zoom
4614,N,0748,Bergen op Zoom
4615,N,0748,Bergen op Zoom
4616,N,0748,Bergen op Zoom
4617,N,0748,Bergen op Zoom
4621,N,0748,Bergen op Zoom
4622,N,0748,Bergen op Zoom
4623,N,0748,Bergen op Zoom
4624,N,0748,Bergen op Zoom
4625,N,0748,Bergen op Zoom
4631,N,0873,Woensdrecht
4634,N,0873,Woensdrecht
4635,N,0873,Woensdrecht
4641,N,0873,Woensdrecht
4645,N,0873,Woensdrecht
4651,N,0851,Steenbergen
4652,N,0851,Steenbergen
4655,N,0851,Steenbergen
4661,N,0748,Bergen op Zoom
4664,N,0748,Bergen op Zoom
4671,N,0851,Steenbergen
4675,N,0716,Tholen
4681,N,0851,Steenbergen
4691,N,0716,Tholen
4693,N,0716,Tholen
4694,N,0716,Tholen
4695,N,0716,Tholen
4696,N,0716,Tholen
4697,N,0716,Tholen
4698,N,0716,Tholen
4701,N,1674,Roosendaal
4702,N,1674,Roosendaal
4703,N,1674,Roosendaal
4704,N,1674,Roosendaal
4705,N,1674,Roosendaal
4706,N,1674,Roosendaal
4707,N,1674,Roosendaal
4708,N,1674,Roosendaal
4709,N,1674,Roosendaal
4711,N,0840,Rucphen
4714,N,0840,Rucphen
4715,N,0840,Rucphen
4721,N,0840,Rucphen
4722,N,0840,Rucphen
4724,N,1674,Roosendaal
4725,N,1674,Roosendaal
4726,N,1674,Roosendaal
4727,N,1674,Roosendaal
4731,N,1655,Halderberge
4735,N,0840,Rucphen
4741,N,1655,Halderberge
4744,N,1655,Halderberge
4751,N,1655,Halderberge
4754,N,1655,Halderberge
4756,N,0851,Steenbergen
4758,N,1709,Moerdijk
4759,N,1709,Moerdijk
4761,N,1709,Moerdijk
4762,N,1709,Moerdijk
4765,N,1709,Moerdijk
4766,N,1719,Drimmelen
4771,N,1709,Moerdijk
4772,N,1709,Moerdijk
4781,N,1709,Moerdijk
4782,N,1709,Moerdijk
4791,N,1709,Moerdijk
4793,N,1709,Moerdijk
4794,N,1709,Moerdijk
4796,N,1709,Moerdijk
4797,N,1709,Moerdijk
4811,N,0758,Breda
4812,N,0758,Breda
4813,N,0758,Breda
4814,N,0758,Breda
4815,N,0758,Breda
4816,N,0758,Breda
4817,N,0758,Breda
4818,N,0758,Breda
4819,N,0758,Breda
4822,N,0758,Breda
4823,N,0758,Breda
4824,N,0758,Breda
4825,N,0758,Breda
4826,N,0758,Breda
4827,N,0758,Breda
4834,N,0758,Breda
4835,N,0758,Breda
4836,N,0758,Breda
4837,N,0758,Breda
4838,N,0758,Breda
4839,N,0758,Breda
4841,N,0758,Breda
4844,N,1719,Drimmelen
4845,N,1719,Drimmelen
4847,N,0758,Breda
4849,N,0826,Oosterhout
4851,N,0758,Breda
4854,N,0758,Breda
4855,N,1723,Alphen-Chaam
4856,N,1723,Alphen-Chaam
4858,N,1723,Alphen-Chaam
4859,N,1723,Alphen-Chaam
4861,N,1723,Alphen-Chaam
4871,N,0777,Etten-Leur
4872,N,0777,Etten-Leur
4873,N,0777,Etten-Leur
4874,N,0777,Etten-Leur
4875,N,0777,Etten-Leur
4876,N,0777,Etten-Leur
4877,N,0777,Etten-Leur
4878,N,0777,Etten-Leur
4879,N,0777,Etten-Leur
4881,N,0879,Zundert
4882,N,0879,Zundert
4884,N,0879,Zundert
4885,N,0879,Zundert
4891,N,0879,Zundert
4901,N,0826,Oosterhout
4902,N,0826,Oosterhout
4903,N,0826,Oosterhout
4904,N,0826,Oosterhout
4905,N,0826,Oosterhout
4906,N,0826,Oosterhout
4907,N,0826,Oosterhout
4908,N,0826,Oosterhout
4909,N,0826,Oosterhout
4911,N,0826,Oosterhout
4921,N,1719,Drimmelen
4924,N,1719,Drimmelen
4926,N,1719,Drimmelen
4927,N,1719,Drimmelen
4931,N,0779,Geertruidenberg
4941,N,0779,Geertruidenberg
4942,N,0779,Geertruidenberg
4944,N,0779,Geertruidenberg
5011,N,0855,Tilburg
5012,N,0855,Tilburg
5013,N,0855,Tilburg
5014,N,0855,Tilburg
5015,N,0855,Tilburg
5017,N,0855,Tilburg
5018,N,0855,Tilburg
5021,N,0855,Tilburg
5022,N,0855,Tilburg
5025,N,0855,Tilburg
5026,N,0855,Tilburg
5032,N,0855,Tilburg
5035,N,0855,Tilburg
5036,N,0855,Tilburg
5037,N,0855,Tilburg
5038,N,0855,Tilburg
5041,N,0855,Tilburg
5042,N,0855,Tilburg
5043,N,0855,Tilburg
5044,N,0855,Tilburg
5045,N,0855,Tilburg
5046,N,0855,Tilburg
5047,N,0855,Tilburg
5048,N,0855,Tilburg
5049,N,0855,Tilburg
5051,N,0785,Goirle
5052,N,0785,Goirle
5053,N,0785,Goirle
5056,N,0855,Tilburg
5057,N,0855,Tilburg
5059,N,0824,Oisterwijk
5061,N,0824,Oisterwijk
5062,N,0824,Oisterwijk
5063,N,0824,Oisterwijk
5066,N,0824,Oisterwijk
5071,N,0855,Tilburg
5074,N,0855,Tilburg
5076,N,0824,Oisterwijk
5081,N,0798,Hilvarenbeek
5084,N,0798,Hilvarenbeek
5085,N,0798,Hilvarenbeek
5087,N,0798,Hilvarenbeek
5089,N,0798,Hilvarenbeek
5091,N,0823,Oirschot
5094,N,1667,Reusel-De Mierden
5095,N,1667,Reusel-De Mierden
5096,N,1667,Reusel-De Mierden
5101,N,0766,Dongen
5102,N,0766,Dongen
5103,N,0766,Dongen
5104,N,0766,Dongen
5105,N,0766,Dongen
5106,N,0766,Dongen
5107,N,0766,Dongen
5109,N,0766,Dongen
5111,N,0744,Baarle-Nassau
5113,N,0744,Baarle-Nassau
5114,N,0744,Baarle-Nassau
5121,N,0784,Gilze en Rijen
5122,N,0784,Gilze en Rijen
5124,N,0784,Gilze en Rijen
5125,N,0784,Gilze en Rijen
5126,N,0784,Gilze en Rijen
5131,N,1723,Alphen-Chaam
5133,N,0785,Goirle
5141,N,0867,Waalwijk
5142,N,0867,Waalwijk
5143,N,0867,Waalwijk
5144,N,0867,Waalwijk
5145,N,0867,Waalwijk
5146,N,0867,Waalwijk
5151,N,0797,Heusden
5152,N,0797,Heusden
5154,N,0797,Heusden
5156,N,0797,Heusden
5157,N,0797,Heusden
5158,N,0797,Heusden
5161,N,0867,Waalwijk
5165,N,0867,Waalwijk
5171,N,0809,Loon op Zand
5172,N,0809,Loon op Zand
5175,N,0809,Loon op Zand
5176,N,0809,Loon op Zand
5211,N,0796,'s-Hertogenbosch
5212,N,0796,'s-Hertogenbosch
5213,N,0796,'s-Hertogenbosch
5215,N,0796,'s-Hertogenbosch
5216,N,0796,'s-Hertogenbosch
5221,N,0796,'s-Hertogenbosch
5222,N,0796,'s-Hertogenbosch
5223,N,0796,'s-Hertogenbosch
5224,N,0796,'s-Hertogenbosch
5231,N,0796,'s-Hertogenbosch
5232,N,0796,'s-Hertogenbosch
5233,N,0796,'s-Hertogenbosch
5234,N,0796,'s-Hertogenbosch
5235,N,0796,'s-Hertogenbosch
5236,N,0796,'s-Hertogenbosch
5237,N,0796,'s-Hertogenbosch
5241,N,0796,'s-Hertogenbosch
5242,N,0796,'s-Hertogenbosch
5243,N,0796,'s-Hertogenbosch
5244,N,0796,'s-Hertogenbosch
5245,N,0796,'s-Hertogenbosch
5246,N,0796,'s-Hertogenbosch
5247,N,0796,'s-Hertogenbosch
5248,N,0796,'s-Hertogenbosch
5249,N,0796,'s-Hertogenbosch
5251,N,0797,Heusden
5252,N,0797,Heusden
5253,N,0797,Heusden
5254,N,0797,Heusden
5255,N,0797,Heusden
5256,N,0797,Heusden
5257,N,0797,Heusden
5258,N,0845,Sint-Michielsgestel
5261,N,0865,Vught
5262,N,0865,Vught
5263,N,0865,Vught
5264,N,0865,Vught
5266,N,0865,Vught
5268,N,0865,Vught
5271,N,0845,Sint-Michielsgestel
5272,N,0845,Sint-Michielsgestel
5275,N,0845,Sint-Michielsgestel
5281,N,0757,Boxtel
5282,N,0757,Boxtel
5283,N,0757,Boxtel
5291,N,0845,Sint-Michielsgestel
5292,N,0845,Sint-Michielsgestel
5293,N,0845,Sint-Michielsgestel
5294,N,0845,Sint-Michielsgestel
5296,N,0757,Boxtel
5298,N,0757,Boxtel
5301,N,0297,Zaltbommel
5302,N,0297,Zaltbommel
5305,N,0297,Zaltbommel
5306,N,0297,Zaltbommel
5307,N,0297,Zaltbommel
5308,N,0297,Zaltbommel
5311,N,0297,Zaltbommel
5313,N,0297,Zaltbommel
5314,N,0297,Zaltbommel
5315,N,0297,Zaltbommel
5316,N,0297,Zaltbommel
5317,N,0297,Zaltbommel
5318,N,0297,Zaltbommel
5321,N,0263,Maasdriel
5324,N,0263,Maasdriel
5325,N,0263,Maasdriel
5327,N,0263,Maasdriel
5328,N,0263,Maasdriel
5331,N,0263,Maasdriel
5333,N,0263,Maasdriel
5334,N,0263,Maasdriel
5335,N,0263,Maasdriel
5341,N,0828,Oss
5342,N,0828,Oss
5343,N,0828,Oss
5344,N,0828,Oss
5345,N,0828,Oss
5346,N,0828,Oss
5347,N,0828,Oss
5348,N,0828,Oss
5349,N,0828,Oss
5351,N,0828,Oss
5352,N,0828,Oss
5353,N,0828,Oss
5354,N,0828,Oss
5355,N,0828,Oss
5356,N,0828,Oss
5357,N,0828,Oss
5358,N,0828,Oss
5359,N,0828,Oss
5361,N,1982,Land van Cuijk
5363,N,1982,Land van Cuijk
5364,N,1982,Land van Cuijk
5366,N,0828,Oss
5367,N,0828,Oss
5368,N,0828,Oss
5371,N,0828,Oss
5373,N,0828,Oss
5374,N,1991,Maashorst
5375,N,1991,Maashorst
5381,N,0796,'s-Hertogenbosch
5382,N,0796,'s-Hertogenbosch
5383,N,0796,'s-Hertogenbosch
5384,N,1721,Bernheze
5386,N,0828,Oss
5388,N,1721,Bernheze
5391,N,0796,'s-Hertogenbosch
5392,N,0796,'s-Hertogenbosch
5394,N,0828,Oss
5395,N,0828,Oss
5396,N,0828,Oss
5397,N,0828,Oss
5398,N,0828,Oss
5401,N,1991,Maashorst
5402,N,1991,Maashorst
5403,N,1991,Maashorst
5404,N,1991,Maashorst
5405,N,1991,Maashorst
5406,N,1991,Maashorst
5408,N,1991,Maashorst
5409,N,1991,Maashorst
5411,N,1991,Maashorst
5421,N,1652,Gemert-Bakel
5422,N,1652,Gemert-Bakel
5423,N,1652,Gemert-Bakel
5424,N,1652,Gemert-Bakel
5425,N,1652,Gemert-Bakel
5427,N,0755,Boekel
5428,N,0755,Boekel
5431,N,1982,Land van Cuijk
5432,N,1982,Land van Cuijk
5433,N,1982,Land van Cuijk
5434,N,1982,Land van Cuijk
5435,N,1982,Land van Cuijk
5437,N,1982,Land van Cuijk
5438,N,1982,Land van Cuijk
5439,N,1982,Land van Cuijk
5441,N,1982,Land van Cuijk
5443,N,1982,Land van Cuijk
5445,N,1982,Land van Cuijk
5446,N,1982,Land van Cuijk
5447,N,1982,Land van Cuijk
5449,N,1982,Land van Cuijk
5451,N,1982,Land van Cuijk
5453,N,1982,Land van Cuijk
5454,N,1982,Land van Cuijk
5455,N,1982,Land van Cuijk
5461,N,1948,Meierijstad
5462,N,1948,Meierijstad
5463,N,1948,Meierijstad
5464,N,1948,Meierijstad
5465,N,1948,Meierijstad
5466,N,1948,Meierijstad
5467,N,1948,Meierijstad
5469,N,1948,Meierijstad
5471,N,1721,Bernheze
5472,N,1721,Bernheze
5473,N,1721,Bernheze
5476,N,1721,Bernheze
5481,N,1948,Meierijstad
5482,N,1948,Meierijstad
5491,N,1948,Meierijstad
5492,N,1948,Meierijstad
5501,N,0861,Veldhoven
5502,N,0861,Veldhoven
5503,N,0861,Veldhoven
5504,N,0861,Veldhoven
5505,N,0861,Veldhoven
5506,N,0861,Veldhoven
5507,N,0861,Veldhoven
5508,N,0861,Veldhoven
5509,N,0861,Veldhoven
5511,N,0770,Eersel
5512,N,0770,Eersel
5513,N,0770,Eersel
5521,N,0770,Eersel
5524,N,0770,Eersel
5525,N,0770,Eersel
5527,N,1728,Bladel
5528,N,1728,Bladel
5529,N,1728,Bladel
5531,N,1728,Bladel
5534,N,1728,Bladel
5541,N,1667,Reusel-De Mierden
5551,N,0858,Valkenswaard
5552,N,0858,Valkenswaard
5553,N,0858,Valkenswaard
5554,N,0858,Valkenswaard
5555,N,0858,Valkenswaard
5556,N,0858,Valkenswaard
5561,N,1724,Bergeijk
5563,N,1724,Bergeijk
5571,N,1724,Bergeijk
5575,N,1724,Bergeijk
5581,N,0866,Waalre
5582,N,0866,Waalre
5583,N,0866,Waalre
5591,N,1658,Heeze-Leende
5595,N,1658,Heeze-Leende
5611,N,0772,Eindhoven
5612,N,0772,Eindhoven
5613,N,0772,Eindhoven
5614,N,0772,Eindhoven
5615,N,0772,Eindhoven
5616,N,0772,Eindhoven
5617,N,0772,Eindhoven
5621,N,0772,Eindhoven
5622,N,0772,Eindhoven
5623,N,0772,Eindhoven
5624,N,0772,Eindhoven
5625,N,0772,Eindhoven
5626,N,0772,Eindhoven
5627,N,0772,Eindhoven
5628,N,0772,Eindhoven
5629,N,0772,Eindhoven
5631,N,0772,Eindhoven
5632,N,0772,Eindhoven
5633,N,0772,Eindhoven
5641,N,0772,Eindhoven
5642,N,0772,Eindhoven
5643,N,0772,Eindhoven
5644,N,0772,Eindhoven
5645,N,0772,Eindhoven
5646,N,0772,Eindhoven
5647,N,0772,Eindhoven
5651,N,0772,Eindhoven
5652,N,0772,Eindhoven
5653,N,0772,Eindhoven
5654,N,0772,Eindhoven
5655,N,0772,Eindhoven
5656,N,0772,Eindhoven
5657,N,0772,Eindhoven
5658,N,0772,Eindhoven
5661,N,1771,Geldrop-Mierlo
5662,N,1771,Geldrop-Mierlo
5663,N,1771,Geldrop-Mierlo
5664,N,1771,Geldrop-Mierlo
5665,N,1771,Geldrop-Mierlo
5666,N,1771,Geldrop-Mierlo
5667,N,1771,Geldrop-Mierlo
5671,N,0820,"Nuenen, Gerwen en Nederwetten"
5672,N,0820,"Nuenen, Gerwen en Nederwetten"
5673,N,0820,"Nuenen, Gerwen en Nederwetten"
5674,N,0820,"Nuenen, Gerwen en Nederwetten"
5681,N,0753,Best
5682,N,0753,Best
5683,N,0753,Best
5684,N,0753,Best
5685,N,0753,Best
5688,N,0823,Oirschot
5689,N,0823,Oirschot
5691,N,0848,Son en Breugel
5692,N,0848,Son en Breugel
5694,N,0848,Son en Breugel
5701,N,0794,Helmond
5702,N,0794,Helmond
5703,N,0794,Helmond
5704,N,0794,Helmond
5705,N,0794,Helmond
5706,N,0794,Helmond
5707,N,0794,Helmond
5708,N,0794,Helmond
5709,N,0794,Helmond
5711,N,0847,Someren
5712,N,0847,Someren
5715,N,0847,Someren
5721,N,0743,Asten
5722,N,0743,Asten
5724,N,0743,Asten
5725,N,0743,Asten
5731,N,1771,Geldrop-Mierlo
5735,N,1659,Laarbeek
5737,N,1659,Laarbeek
5738,N,1659,Laarbeek
5741,N,1659,Laarbeek
5751,N,0762,Deurne
5752,N,0762,Deurne
5753,N,0762,Deurne
5754,N,0762,Deurne
5756,N,0762,Deurne
5757,N,0762,Deurne
5758,N,0762,Deurne
5759,N,0762,Deurne
5761,N,1652,Gemert-Bakel
5763,N,1652,Gemert-Bakel
5764,N,1652,Gemert-Bakel
5766,N,1507,Horst aan de Maas
5768,N,1894,Peel en Maas
5801,N,0984,Venray
5802,N,0984,Venray
5803,N,0984,Venray
5804,N,0984,Venray
5807,N,0984,Venray
5808,N,0984,Venray
5809,N,0984,Venray
5811,N,0984,Venray
5812,N,0984,Venray
5813,N,0984,Venray
5814,N,0984,Venray
5815,N,0984,Venray
5816,N,0984,Venray
5817,N,0984,Venray
5821,N,1982,Land van Cuijk
5823,N,1982,Land van Cuijk
5824,N,1982,Land van Cuijk
5825,N,1982,Land van Cuijk
5826,N,1982,Land van Cuijk
5827,N,1982,Land van Cuijk
5831,N,1982,Land van Cuijk
5835,N,1982,Land van Cuijk
5836,N,1982,Land van Cuijk
5841,N,1982,Land van Cuijk
5843,N,1982,Land van Cuijk
5844,N,1982,Land van Cuijk
5845,N,1982,Land van Cuijk
5846,N,1982,Land van Cuijk
5851,N,0893,Bergen (L.)
5853,N,0893,Bergen (L.)
5854,N,0893,Bergen (L.)
5855,N,0893,Bergen (L.)
5856,N,0893,Bergen (L.)
5861,N,0984,Venray
5862,N,0984,Venray
5863,N,0984,Venray
5864,N,1507,Horst aan de Maas
5865,N,1507,Horst aan de Maas
5866,N,1507,Horst aan de Maas
5871,N,1507,Horst aan de Maas
5872,N,1507,Horst aan de Maas
5911,N,0983,Venlo
5912,N,0983,Venlo
5913,N,0983,Venlo
5914,N,0983,Venlo
5915,N,0983,Venlo
5916,N,0983,Venlo
5921,N,0983,Venlo
5922,N,0983,Venlo
5923,N,0983,Venlo
5924,N,0983,Venlo
5925,N,0983,Venlo
5926,N,0983,Venlo
5927,N,0983,Venlo
5928,N,0983,Venlo
5931,N,0983,Venlo
5932,N,0983,Venlo
5935,N,0983,Venlo
5941,N,0983,Venlo
5943,N,0983,Venlo
5944,N,0983,Venlo
5951,N,0983,Venlo
5953,N,0889,Beesel
5954,N,0889,Beesel
5961,N,1507,Horst aan de Maas
5962,N,1507,Horst aan de Maas
5963,N,1507,Horst aan de Maas
5964,N,1507,Horst aan de Maas
5966,N,1507,Horst aan de Maas
5971,N,1507,Horst aan de Maas
5973,N,1507,Horst aan de Maas
5975,N,1507,Horst aan de Maas
5976,N,1507,Horst aan de Maas
5977,N,1507,Horst aan de Maas
5981,N,1894,Peel en Maas
5984,N,1894,Peel en Maas
5985,N,1894,Peel en Maas
5986,N,1894,Peel en Maas
5987,N,1894,Peel en Maas
5988,N,1894,Peel en Maas
5991,N,1894,Peel en Maas
5993,N,1894,Peel en Maas
5995,N,1894,Peel en Maas
6001,N,0988,Weert
6002,N,0988,Weert
6003,N,0988,Weert
6004,N,0988,Weert
6005,N,0988,Weert
6006,N,0988,Weert
6011,N,1640,Leudal
6012,N,1640,Leudal
6013,N,1640,Leudal
6014,N,1640,Leudal
6015,N,1640,Leudal
6017,N,1641,Maasgouw
6019,N,1641,Maasgouw
6021,N,1706,Cranendonck
6023,N,1706,Cranendonck
6024,N,1706,Cranendonck
6026,N,1706,Cranendonck
6027,N,1706,Cranendonck
6028,N,1706,Cranendonck
6029,N,1658,Heeze-Leende
6031,N,0946,Nederweert
6034,N,0946,Nederweert
6035,N,0946,Nederweert
6037,N,1640,Leudal
6039,N,0988,Weert
6041,N,0957,Roermond
6042,N,0957,Roermond
6043,N,0957,Roermond
6044,N,0957,Roermond
6045,N,0957,Roermond
6049,N,0957,Roermond
6051,N,1641,Maasgouw
6061,N,1669,Roerdalen
6063,N,1669,Roerdalen
6065,N,1669,Roerdalen
6067,N,1641,Maasgouw
6071,N,0957,Roermond
6074,N,1669,Roerdalen
6075,N,1669,Roerdalen
6077,N,1669,Roerdalen
6081,N,1640,Leudal
6082,N,1640,Leudal
6083,N,1640,Leudal
6085,N,1640,Leudal
6086,N,1640,Leudal
6088,N,1640,Leudal
6089,N,1640,Leudal
6091,N,0946,Nederweert
6092,N,0946,Nederweert
6093,N,1640,Leudal
6095,N,1640,Leudal
6096,N,1640,Leudal
6097,N,1641,Maasgouw
6099,N,1641,Maasgouw
6101,N,1711,Echt-Susteren
6102,N,1711,Echt-Susteren
6104,N,1711,Echt-Susteren
6105,N,1711,Echt-Susteren
6107,N,1641,Maasgouw
6109,N,1641,Maasgouw
6111,N,1711,Echt-Susteren
6112,N,1711,Echt-Susteren
6114,N,1711,Echt-Susteren
6116,N,1711,Echt-Susteren
6118,N,1711,Echt-Susteren
6121,N,1883,Sittard-Geleen
6122,N,1883,Sittard-Geleen
6123,N,1883,Sittard-Geleen
6124,N,1883,Sittard-Geleen
6125,N,1883,Sittard-Geleen
6127,N,1883,Sittard-Geleen
6129,N,0971,Stein
6131,N,1883,Sittard-Geleen
6132,N,1883,Sittard-Geleen
6133,N,1883,Sittard-Geleen
6134,N,1883,Sittard-Geleen
6135,N,1883,Sittard-Geleen
6136,N,1883,Sittard-Geleen
6137,N,1883,Sittard-Geleen
6141,N,1883,Sittard-Geleen
6142,N,1883,Sittard-Geleen
6143,N,1883,Sittard-Geleen
6151,N,1883,Sittard-Geleen
6153,N,1883,Sittard-Geleen
6155,N,1954,Beekdaelen
6161,N,1883,Sittard-Geleen
6162,N,1883,Sittard-Geleen
6163,N,1883,Sittard-Geleen
6164,N,1883,Sittard-Geleen
6165,N,1883,Sittard-Geleen
6166,N,1883,Sittard-Geleen
6167,N,1883,Sittard-Geleen
6171,N,0971,Stein
6174,N,1954,Beekdaelen
6176,N,0888,Beek
6181,N,0971,Stein
6191,N,0888,Beek
6192,N,0888,Beek
6199,N,0888,Beek
6211,N,0935,Maastricht
6212,N,0935,Maastricht
6213,N,0935,Maastricht
6214,N,0935,Maastricht
6215,N,0935,Maastricht
6216,N,0935,Maastricht
6217,N,0935,Maastricht
6218,N,0935,Maastricht
6219,N,0935,Maastricht
6221,N,0935,Maastricht
6222,N,0935,Maastricht
6223,N,0935,Maastricht
6224,N,0935,Maastricht
6225,N,0935,Maastricht
6226,N,0935,Maastricht
6227,N,0935,Maastricht
6228,N,0935,Maastricht
6229,N,0935,Maastricht
6231,N,0938,Meerssen
6235,N,0938,Meerssen
6237,N,0938,Meerssen
6241,N,0938,Meerssen
6243,N,0938,Meerssen
6245,N,1903,Eijsden-Margraten
6247,N,1903,Eijsden-Margraten
6251,N,1903,Eijsden-Margraten
6252,N,1903,Eijsden-Margraten
6255,N,1903,Eijsden-Margraten
6261,N,1903,Eijsden-Margraten
6262,N,1903,Eijsden-Margraten
6265,N,1903,Eijsden-Margraten
6267,N,1903,Eijsden-Margraten
6268,N,1903,Eijsden-Margraten
6269,N,1903,Eijsden-Margraten
6271,N,1729,Gulpen-Wittem
6273,N,1729,Gulpen-Wittem
6274,N,1729,Gulpen-Wittem
6276,N,1729,Gulpen-Wittem
6277,N,1729,Gulpen-Wittem
6278,N,1729,Gulpen-Wittem
6281,N,1729,Gulpen-Wittem
6285,N,1729,Gulpen-Wittem
6286,N,1729,Gulpen-Wittem
6287,N,1729,Gulpen-Wittem
6289,N,1729,Gulpen-Wittem
6291,N,0981,Vaals
6294,N,0981,Vaals
6295,N,0981,Vaals
6301,N,0994,Valkenburg aan de Geul
6305,N,0994,Valkenburg aan de Geul
6307,N,1903,Eijsden-Margraten
6311,N,0986,Voerendaal
6312,N,0986,Voerendaal
6321,N,1729,Gulpen-Wittem
6325,N,0994,Valkenburg aan de Geul
6333,N,1954,Beekdaelen
6336,N,1954,Beekdaelen
6341,N,0994,Valkenburg aan de Geul
6342,N,0994,Valkenburg aan de Geul
6343,N,0986,Voerendaal
6351,N,0965,Simpelveld
6353,N,0965,Simpelveld
6361,N,1954,Beekdaelen
6363,N,1954,Beekdaelen
6365,N,1954,Beekdaelen
6367,N,0986,Voerendaal
6369,N,0965,Simpelveld
6371,N,0882,Landgraaf
6372,N,0882,Landgraaf
6373,N,0882,Landgraaf
6374,N,0882,Landgraaf
6381,N,0882,Landgraaf
6391,N,0882,Landgraaf
6411,N,0917,Heerlen
6412,N,0917,Heerlen
6413,N,0917,Heerlen
6414,N,0917,Heerlen
6415,N,0917,Heerlen
6416,N,0917,Heerlen
6417,N,0917,Heerlen
6418,N,0917,Heerlen
6419,N,0917,Heerlen
6421,N,0917,Heerlen
6422,N,0917,Heerlen
6431,N,0917,Heerlen
6432,N,0917,Heerlen
6433,N,0917,Heerlen
6436,N,1954,Beekdaelen
6438,N,1954,Beekdaelen
6439,N,1954,Beekdaelen
6441,N,0899,Brunssum
6442,N,0899,Brunssum
6443,N,0899,Brunssum
6444,N,0899,Brunssum
6445,N,0899,Brunssum
6446,N,0899,Brunssum
6447,N,1954,Beekdaelen
6451,N,1954,Beekdaelen
6454,N,1954,Beekdaelen
6456,N,1954,Beekdaelen
6461,N,0928,Kerkrade
6462,N,0928,Kerkrade
6463,N,0928,Kerkrade
6464,N,0928,Kerkrade
6465,N,0928,Kerkrade
6466,N,0928,Kerkrade
6467,N,0928,Kerkrade
6468,N,0928,Kerkrade
6469,N,0928,Kerkrade
6471,N,0928,Kerkrade
6511,N,0268,Nijmegen
6512,N,0268,Nijmegen
6515,N,0268,Nijmegen
6521,N,0268,Nijmegen
6522,N,0268,Nijmegen
6523,N,0268,Nijmegen
6524,N,0268,Nijmegen
6525,N,0268,Nijmegen
6531,N,0268,Nijmegen
6532,N,0268,Nijmegen
6533,N,0268,Nijmegen
6534,N,0268,Nijmegen
6535,N,0268,Nijmegen
6536,N,0268,Nijmegen
6537,N,0268,Nijmegen
6538,N,0268,Nijmegen
6541,N,0268,Nijmegen
6542,N,0268,Nijmegen
6543,N,0268,Nijmegen
6544,N,0268,Nijmegen
6545,N,0268,Nijmegen
6546,N,0268,Nijmegen
6551,N,0209,Beuningen
6561,N,1945,Berg en Dal
6562,N,1945,Berg en Dal
6564,N,1945,Berg en Dal
6566,N,1945,Berg en Dal
6571,N,1945,Berg en Dal
6572,N,1945,Berg en Dal
6573,N,1945,Berg en Dal
6574,N,1945,Berg en Dal
6575,N,1945,Berg en Dal
6576,N,1945,Berg en Dal
6577,N,1945,Berg en Dal
6578,N,1945,Berg en Dal
6579,N,1945,Berg en Dal
6581,N,0252,Heumen
6582,N,0252,Heumen
6584,N,0944,Mook en Middelaar
6585,N,0944,Mook en Middelaar
6586,N,0944,Mook en Middelaar
6587,N,0944,Mook en Middelaar
6591,N,0907,Gennep
6595,N,0907,Gennep
6596,N,0907,Gennep
6598,N,0907,Gennep
6599,N,0907,Gennep
6601,N,0296,Wijchen
6602,N,0296,Wijchen
6603,N,0296,Wijchen
6604,N,0296,Wijchen
6605,N,0296,Wijchen
6606,N,0296,Wijchen
6611,N,0252,Heumen
6612,N,0252,Heumen
6613,N,0296,Wijchen
6615,N,0296,Wijchen
6616,N,0296,Wijchen
6617,N,0296,Wijchen
6621,N,0668,West Maas en Waal
6624,N,0263,Maasdriel
6626,N,0668,West Maas en Waal
6627,N,0668,West Maas en Waal
6628,N,0668,West Maas en Waal
6629,N,0668,West Maas en Waal
6631,N,0225,Druten
6634,N,0296,Wijchen
6641,N,0209,Beuningen
6642,N,0209,Beuningen
6644,N,0209,Beuningen
6645,N,0209,Beuningen
6651,N,0225,Druten
6652,N,0225,Druten
6653,N,0225,Druten
6654,N,0225,Druten
6655,N,0225,Druten
6657,N,0668,West Maas en Waal
6658,N,0668,West Maas en Waal
6659,N,0668,West Maas en Waal
6661,N,1734,Overbetuwe
6662,N,1734,Overbetuwe
6663,N,0268,Nijmegen
6665,N,1734,Overbetuwe
6666,N,1734,Overbetuwe
6668,N,1734,Overbetuwe
6669,N,1740,Neder-Betuwe
6671,N,1734,Overbetuwe
6672,N,1734,Overbetuwe
6673,N,1734,Overbetuwe
6674,N,1734,Overbetuwe
6675,N,1734,Overbetuwe
6676,N,1734,Overbetuwe
6677,N,1734,Overbetuwe
6678,N,1734,Overbetuwe
6679,N,0268,Nijmegen
6681,N,1705,Lingewaard
6683,N,0268,Nijmegen
6684,N,1705,Lingewaard
6685,N,1705,Lingewaard
6686,N,1705,Lingewaard
6687,N,1705,Lingewaard
6691,N,1705,Lingewaard
6701,N,0289,Wageningen
6702,N,0289,Wageningen
6703,N,0289,Wageningen
6704,N,0289,Wageningen
6705,N,0289,Wageningen
6706,N,0289,Wageningen
6707,N,0289,Wageningen
6708,N,0289,Wageningen
6709,N,0289,Wageningen
6711,N,0228,Ede
6712,N,0228,Ede
6713,N,0228,Ede
6714,N,0228,Ede
6715,N,0228,Ede
6716,N,0228,Ede
6717,N,0228,Ede
6718,N,0228,Ede
6721,N,0228,Ede
6731,N,0228,Ede
6732,N,0228,Ede
6733,N,0228,Ede
6741,N,0228,Ede
6744,N,0228,Ede
6745,N,0228,Ede
6811,N,0202,Arnhem
6812,N,0202,Arnhem
6813,N,0202,Arnhem
6814,N,0202,Arnhem
6815,N,0202,Arnhem
6816,N,0202,Arnhem
6821,N,0202,Arnhem
6822,N,0202,Arnhem
6823,N,0202,Arnhem
6824,N,0202,Arnhem
6825,N,0202,Arnhem
6826,N,0202,Arnhem
6827,N,0202,Arnhem
6828,N,0202,Arnhem
6831,N,0202,Arnhem
6832,N,0202,Arnhem
6833,N,0202,Arnhem
6834,N,0202,Arnhem
6835,N,0202,Arnhem
6836,N,0202,Arnhem
6841,N,0202,Arnhem
6842,N,0202,Arnhem
6843,N,0202,Arnhem
6844,N,0202,Arnhem
6845,N,0202,Arnhem
6846,N,0202,Arnhem
6851,N,1705,Lingewaard
6852,N,1705,Lingewaard
6861,N,0274,Renkum
6862,N,0274,Renkum
6865,N,0274,Renkum
6866,N,0274,Renkum
6869,N,0274,Renkum
6871,N,0274,Renkum
6874,N,0274,Renkum
6877,N,0228,Ede
6881,N,0275,Rheden
6882,N,0275,Rheden
6883,N,0275,Rheden
6891,N,0277,Rozendaal
6901,N,0299,Zevenaar
6902,N,0299,Zevenaar
6903,N,0299,Zevenaar
6904,N,0299,Zevenaar
6905,N,0299,Zevenaar
6909,N,0299,Zevenaar
6911,N,0299,Zevenaar
6913,N,0299,Zevenaar
6914,N,0299,Zevenaar
6915,N,0299,Zevenaar
6916,N,0299,Zevenaar
6917,N,0299,Zevenaar
6921,N,0226,Duiven
6922,N,0226,Duiven
6923,N,0226,Duiven
6924,N,0226,Duiven
6931,N,0293,Westervoort
6932,N,0293,Westervoort
6941,N,1955,Montferland
6942,N,1955,Montferland
6951,N,0275,Rheden
6952,N,0275,Rheden
6953,N,0275,Rheden
6955,N,0275,Rheden
6956,N,0275,Rheden
6957,N,0275,Rheden
6961,N,0213,Brummen
6964,N,0213,Brummen
6971,N,0213,Brummen
6974,N,0213,Brummen
6975,N,0213,Brummen
6981,N,0221,Doesburg
6982,N,0221,Doesburg
6983,N,0221,Doesburg
6984,N,0221,Doesburg
6986,N,0299,Zevenaar
6987,N,0299,Zevenaar
6988,N,0299,Zevenaar
6991,N,0275,Rheden
6994,N,0275,Rheden
6996,N,1876,Bronckhorst
6997,N,1876,Bronckhorst
6998,N,1876,Bronckhorst
6999,N,1876,Bronckhorst
7001,N,0222,Doetinchem
7002,N,0222,Doetinchem
7003,N,0222,Doetinchem
7004,N,0222,Doetinchem
7005,N,0222,Doetinchem
7006,N,0222,Doetinchem
7007,N,0222,Doetinchem
7008,N,0222,Doetinchem
7009,N,0222,Doetinchem
7011,N,0222,Doetinchem
7021,N,1876,Bronckhorst
7025,N,1876,Bronckhorst
7031,N,0222,Doetinchem
7035,N,1955,Montferland
7036,N,1955,Montferland
7037,N,1955,Montferland
7038,N,1955,Montferland
7039,N,1955,Montferland
7041,N,1955,Montferland
7044,N,1955,Montferland
7045,N,1955,Montferland
7046,N,1955,Montferland
7047,N,1955,Montferland
7048,N,1955,Montferland
7051,N,1509,Oude IJsselstreek
7054,N,1509,Oude IJsselstreek
7055,N,1509,Oude IJsselstreek
7061,N,1509,Oude IJsselstreek
7064,N,1509,Oude IJsselstreek
7065,N,1509,Oude IJsselstreek
7071,N,1509,Oude IJsselstreek
7075,N,1509,Oude IJsselstreek
7076,N,1509,Oude IJsselstreek
7077,N,1509,Oude IJsselstreek
7078,N,1509,Oude IJsselstreek
7081,N,1509,Oude IJsselstreek
7083,N,1509,Oude IJsselstreek
7084,N,1509,Oude IJsselstreek
7089,N,1509,Oude IJsselstreek
7091,N,0197,Aalten
7095,N,0197,Aalten
7101,N,0294,Winterswijk
7102,N,0294,Winterswijk
7103,N,0294,Winterswijk
7104,N,0294,Winterswijk
7105,N,0294,Winterswijk
7106,N,0294,Winterswijk
7107,N,0294,Winterswijk
7108,N,0294,Winterswijk
7109,N,0294,Winterswijk
7111,N,0294,Winterswijk
7112,N,0294,Winterswijk
7113,N,0294,Winterswijk
7114,N,0294,Winterswijk
7115,N,0294,Winterswijk
7116,N,0294,Winterswijk
7117,N,0294,Winterswijk
7118,N,0294,Winterswijk
7119,N,0294,Winterswijk
7121,N,0197,Aalten
7122,N,0197,Aalten
7123,N,0197,Aalten
7125,N,0197,Aalten
7126,N,0197,Aalten
7131,N,1586,Oost Gelre
7132,N,1586,Oost Gelre
7134,N,1586,Oost Gelre
7135,N,1586,Oost Gelre
7136,N,1586,Oost Gelre
7137,N,1586,Oost Gelre
7141,N,1586,Oost Gelre
7142,N,1586,Oost Gelre
7151,N,1859,Berkelland
7152,N,1859,Berkelland
7156,N,1859,Berkelland
7157,N,1859,Berkelland
7161,N,1859,Berkelland
7165,N,1859,Berkelland
7201,N,0301,Zutphen
7202,N,0301,Zutphen
7203,N,0301,Zutphen
7204,N,0301,Zutphen
7205,N,0301,Zutphen
7206,N,0301,Zutphen
7207,N,0301,Zutphen
7211,N,0262,Lochem
7213,N,0262,Lochem
7214,N,0262,Lochem
7215,N,0262,Lochem
7216,N,0262,Lochem
7217,N,0262,Lochem
7218,N,0262,Lochem
7221,N,1876,Bronckhorst
7223,N,1876,Bronckhorst
7224,N,1876,Bronckhorst
7225,N,1876,Bronckhorst
7226,N,1876,Bronckhorst
7227,N,1876,Bronckhorst
7231,N,0301,Zutphen
7232,N,0301,Zutphen
7233,N,1876,Bronckhorst
7234,N,1876,Bronckhorst
7241,N,0262,Lochem
7242,N,0262,Lochem
7244,N,0262,Lochem
7245,N,0262,Lochem
7251,N,1876,Bronckhorst
7255,N,1876,Bronckhorst
7256,N,1876,Bronckhorst
7261,N,1859,Berkelland
7263,N,1586,Oost Gelre
7271,N,1859,Berkelland
7273,N,1859,Berkelland
7274,N,1859,Berkelland
7275,N,1859,Berkelland
7311,N,0200,Apeldoorn
7312,N,0200,Apeldoorn
7313,N,0200,Apeldoorn
7314,N,0200,Apeldoorn
7315,N,0200,Apeldoorn
7316,N,0200,Apeldoorn
7317,N,0200,Apeldoorn
7321,N,0200,Apeldoorn
7322,N,0200,Apeldoorn
7323,N,0200,Apeldoorn
7324,N,0200,Apeldoorn
7325,N,0200,Apeldoorn
7326,N,0200,Apeldoorn
7327,N,0200,Apeldoorn
7328,N,0200,Apeldoorn
7329,N,0200,Apeldoorn
7331,N,0200,Apeldoorn
7332,N,0200,Apeldoorn
7333,N,0200,Apeldoorn
7334,N,0200,Apeldoorn
7335,N,0200,Apeldoorn
7336,N,0200,Apeldoorn
7339,N,0200,Apeldoorn
7341,N,0200,Apeldoorn
7345,N,0200,Apeldoorn
7346,N,0200,Apeldoorn
7348,N,0200,Apeldoorn
7351,N,0200,Apeldoorn
7352,N,0228,Ede
7361,N,0200,Apeldoorn
7364,N,0200,Apeldoorn
7371,N,0200,Apeldoorn
7381,N,0200,Apeldoorn
7382,N,0285,Voorst
7383,N,0285,Voorst
7384,N,0285,Voorst
7391,N,0285,Voorst
7392,N,0285,Voorst
7395,N,0285,Voorst
7396,N,0285,Voorst
7397,N,0285,Voorst
7399,N,0213,Brummen
7411,N,0150,Deventer
7412,N,0150,Deventer
7413,N,0150,Deventer
7414,N,0150,Deventer
7415,N,0150,Deventer
7416,N,0150,Deventer
7417,N,0150,Deventer
7418,N,0150,Deventer
7419,N,0150,Deventer
7421,N,0150,Deventer
7422,N,0150,Deventer
7423,N,0150,Deventer
7424,N,0150,Deventer
7425,N,0150,Deventer
7426,N,0150,Deventer
7427,N,0150,Deventer
7428,N,0150,Deventer
7429,N,0150,Deventer
7431,N,0150,Deventer
7433,N,0150,Deventer
7434,N,0150,Deventer
7435,N,0150,Deventer
7437,N,0150,Deventer
7439,N,0285,Voorst
7441,N,0163,Hellendoorn
7442,N,0163,Hellendoorn
7443,N,0163,Hellendoorn
7447,N,0163,Hellendoorn
7448,N,0163,Hellendoorn
7451,N,1742,Rijssen-Holten
7461,N,1742,Rijssen-Holten
7462,N,1742,Rijssen-Holten
7463,N,1742,Rijssen-Holten
7466,N,0189,Wierden
7467,N,0189,Wierden
7468,N,0189,Wierden
7471,N,1735,Hof van Twente
7472,N,1735,Hof van Twente
7475,N,1735,Hof van Twente
7478,N,1735,Hof van Twente
7481,N,0158,Haaksbergen
7482,N,0158,Haaksbergen
7483,N,0158,Haaksbergen
7491,N,1735,Hof van Twente
7495,N,1735,Hof van Twente
7496,N,1735,Hof van Twente
7497,N,1735,Hof van Twente
7511,N,0153,Enschede
7512,N,0153,Enschede
7513,N,0153,Enschede
7514,N,0153,Enschede
7521,N,0153,Enschede
7522,N,0153,Enschede
7523,N,0153,Enschede
7524,N,0153,Enschede
7525,N,0153,Enschede
7531,N,0153,Enschede
7532,N,0153,Enschede
7533,N,0153,Enschede
7534,N,0153,Enschede
7535,N,0153,Enschede
7536,N,0153,Enschede
7541,N,0153,Enschede
7542,N,0153,Enschede
7543,N,0153,Enschede
7544,N,0153,Enschede
7545,N,0153,Enschede
7546,N,0153,Enschede
7547,N,0153,Enschede
7548,N,0153,Enschede
7551,N,0164,Hengelo
7552,N,0164,Hengelo
7553,N,0164,Hengelo
7554,N,0164,Hengelo
7555,N,0164,Hengelo
7556,N,0164,Hengelo
7557,N,0164,Hengelo
7558,N,0164,Hengelo
7559,N,0164,Hengelo
7561,N,1774,Dinkelland
7562,N,0173,Oldenzaal
7571,N,0173,Oldenzaal
7572,N,0173,Oldenzaal
7573,N,0173,Oldenzaal
7574,N,0173,Oldenzaal
7575,N,0173,Oldenzaal
7576,N,0173,Oldenzaal
7577,N,0173,Oldenzaal
7581,N,0168,Losser
7582,N,0168,Losser
7585,N,0168,Losser
7586,N,0168,Losser
7587,N,0168,Losser
7588,N,0168,Losser
7591,N,1774,Dinkelland
7595,N,1774,Dinkelland
7596,N,1774,Dinkelland
7597,N,1774,Dinkelland
7601,N,0141,Almelo
7602,N,0141,Almelo
7603,N,0141,Almelo
7604,N,0141,Almelo
7605,N,0141,Almelo
7606,N,0141,Almelo
7607,N,0141,Almelo
7608,N,0141,Almelo
7609,N,0141,Almelo
7610,N,0141,Almelo
7611,N,0141,Almelo
7612,N,0141,Almelo
7613,N,0141,Almelo
7614,N,0183,Tubbergen
7615,N,0183,Tubbergen
7621,N,0147,Borne
7622,N,0147,Borne
7623,N,0147,Borne
7625,N,0147,Borne
7626,N,0147,Borne
7627,N,0141,Almelo
7631,N,1774,Dinkelland
7634,N,1774,Dinkelland
7635,N,1774,Dinkelland
7636,N,1774,Dinkelland
7637,N,1774,Dinkelland
7638,N,1774,Dinkelland
7641,N,0189,Wierden
7642,N,0189,Wierden
7645,N,0189,Wierden
7651,N,0183,Tubbergen
7661,N,0183,Tubbergen
7662,N,0183,Tubbergen
7663,N,0183,Tubbergen
7664,N,0183,Tubbergen
7665,N,0183,Tubbergen
7666,N,0183,Tubbergen
7667,N,0183,Tubbergen
7668,N,0183,Tubbergen
7671,N,1700,Twenterand
7672,N,1700,Twenterand
7675,N,1700,Twenterand
7676,N,1700,Twenterand
7678,N,0183,Tubbergen
7679,N,0183,Tubbergen
7681,N,1700,Twenterand
7683,N,1700,Twenterand
7685,N,0175,Ommen
7686,N,1700,Twenterand
7687,N,0163,Hellendoorn
7688,N,0163,Hellendoorn
7691,N,0160,Hardenberg
7692,N,0160,Hardenberg
7693,N,0160,Hardenberg
7694,N,0160,Hardenberg
7695,N,0160,Hardenberg
7696,N,0160,Hardenberg
7701,N,0160,Hardenberg
7702,N,0160,Hardenberg
7705,N,1690,De Wolden
7707,N,0160,Hardenberg
7711,N,0148,Dalfsen
7713,N,0180,Staphorst
7715,N,0180,Staphorst
7721,N,0148,Dalfsen
7722,N,0148,Dalfsen
7731,N,0175,Ommen
7732,N,0175,Ommen
7734,N,0175,Ommen
7735,N,0175,Ommen
7736,N,0175,Ommen
7737,N,0175,Ommen
7738,N,0175,Ommen
7739,N,0175,Ommen
7741,N,0109,Coevorden
7742,N,0109,Coevorden
7751,N,0109,Coevorden
7753,N,0109,Coevorden
7754,N,0109,Coevorden
7755,N,0109,Coevorden
7756,N,0109,Coevorden
7761,N,0114,Emmen
7764,N,0114,Emmen
7765,N,0114,Emmen
7766,N,0114,Emmen
7771,N,0160,Hardenberg
7772,N,0160,Hardenberg
7773,N,0160,Hardenberg
7775,N,0160,Hardenberg
7776,N,0160,Hardenberg
7777,N,0160,Hardenberg
7778,N,0160,Hardenberg
7779,N,0160,Hardenberg
7781,N,0160,Hardenberg
7782,N,0160,Hardenberg
7783,N,0160,Hardenberg
7784,N,0160,Hardenberg
7785,N,0160,Hardenberg
7786,N,0160,Hardenberg
7787,N,0160,Hardenberg
7788,N,0160,Hardenberg
7791,N,0160,Hardenberg
7792,N,0160,Hardenberg
7793,N,0160,Hardenberg
7794,N,0160,Hardenberg
7795,N,0160,Hardenberg
7796,N,0160,Hardenberg
7797,N,0160,Hardenberg
7798,N,0160,Hardenberg
7811,N,0114,Emmen
7812,N,0114,Emmen
7813,N,0114,Emmen
7814,N,0114,Emmen
7815,N,0114,Emmen
7821,N,0114,Emmen
7822,N,0114,Emmen
7823,N,0114,Emmen
7824,N,0114,Emmen
7825,N,0114,Emmen
7826,N,0114,Emmen
7827,N,0114,Emmen
7828,N,0114,Emmen
7831,N,0114,Emmen
7833,N,0114,Emmen
7841,N,0109,Coevorden
7842,N,0109,Coevorden
7843,N,0109,Coevorden
7844,N,0114,Emmen
7845,N,0109,Coevorden
7846,N,0109,Coevorden
7847,N,0109,Coevorden
7848,N,0109,Coevorden
7849,N,0109,Coevorden
7851,N,0109,Coevorden
7852,N,0109,Coevorden
7853,N,0109,Coevorden
7854,N,0109,Coevorden
7855,N,0109,Coevorden
7856,N,0109,Coevorden
7858,N,1681,Borger-Odoorn
7859,N,1681,Borger-Odoorn
7861,N,0109,Coevorden
7863,N,0109,Coevorden
7864,N,0109,Coevorden
7871,N,1681,Borger-Odoorn
7872,N,1681,Borger-Odoorn
7873,N,1681,Borger-Odoorn
7874,N,1681,Borger-Odoorn
7875,N,1681,Borger-Odoorn
7876,N,1681,Borger-Odoorn
7877,N,1681,Borger-Odoorn
7881,N,0114,Emmen
7884,N,0114,Emmen
7885,N,0114,Emmen
7887,N,0114,Emmen
7889,N,0114,Emmen
7891,N,0114,Emmen
7892,N,0114,Emmen
7894,N,0114,Emmen
7895,N,0114,Emmen
7901,N,0118,Hoogeveen
7902,N,0118,Hoogeveen
7903,N,0118,Hoogeveen
7904,N,0118,Hoogeveen
7905,N,0118,Hoogeveen
7906,N,0118,Hoogeveen
7907,N,0118,Hoogeveen
7908,N,0118,Hoogeveen
7909,N,0118,Hoogeveen
7910,N,1731,Midden-Drenthe
7911,N,0118,Hoogeveen
7912,N,0118,Hoogeveen
7913,N,0118,Hoogeveen
7914,N,0118,Hoogeveen
7915,N,0118,Hoogeveen
7916,N,0118,Hoogeveen
7917,N,0109,Coevorden
7918,N,0118,Hoogeveen
7921,N,1690,De Wolden
7924,N,1690,De Wolden
7925,N,1690,De Wolden
7926,N,1690,De Wolden
7927,N,1690,De Wolden
7928,N,1731,Midden-Drenthe
7929,N,0109,Coevorden
7931,N,0118,Hoogeveen
7932,N,1690,De Wolden
7933,N,0118,Hoogeveen
7934,N,0118,Hoogeveen
7935,N,1690,De Wolden
7936,N,0118,Hoogeveen
7937,N,1731,Midden-Drenthe
7938,N,1731,Midden-Drenthe
7941,N,0119,Meppel
7942,N,0119,Meppel
7943,N,0119,Meppel
7944,N,0119,Meppel
7946,N,1708,Steenwijkerland
7948,N,0119,Meppel
7949,N,0119,Meppel
7951,N,0180,Staphorst
7954,N,0180,Staphorst
7955,N,0180,Staphorst
7957,N,1690,De Wolden
7958,N,1690,De Wolden
7961,N,1690,De Wolden
7963,N,1690,De Wolden
7964,N,1690,De Wolden
7965,N,0119,Meppel
7966,N,0119,Meppel
7971,N,1701,Westerveld
7973,N,1701,Westerveld
7974,N,1701,Westerveld
7975,N,1701,Westerveld
7981,N,1701,Westerveld
7983,N,1701,Westerveld
7984,N,1701,Westerveld
7985,N,1701,Westerveld
7986,N,1701,Westerveld
7991,N,1701,Westerveld
8011,N,0193,Zwolle
8012,N,0193,Zwolle
8013,N,0193,Zwolle
8014,N,0193,Zwolle
8015,N,0193,Zwolle
8016,N,0193,Zwolle
8017,N,0193,Zwolle
8019,N,0193,Zwolle
8021,N,0193,Zwolle
8022,N,0193,Zwolle
8023,N,0193,Zwolle
8024,N,0193,Zwolle
8025,N,0193,Zwolle
8026,N,0193,Zwolle
8028,N,0193,Zwolle
8031,N,0193,Zwolle
8032,N,0193,Zwolle
8033,N,0193,Zwolle
8034,N,0193,Zwolle
8035,N,0193,Zwolle
8041,N,0193,Zwolle
8042,N,0193,Zwolle
8043,N,0193,Zwolle
8044,N,0193,Zwolle
8045,N,0193,Zwolle
8051,N,0244,Hattem
8052,N,0244,Hattem
8055,N,0177,Raalte
8061,N,1896,Zwartewaterland
8064,N,1896,Zwartewaterland
8066,N,1708,Steenwijkerland
8071,N,0302,Nunspeet
8072,N,0302,Nunspeet
8075,N,0302,Nunspeet
8076,N,0302,Nunspeet
8077,N,0302,Nunspeet
8079,N,0269,Oldebroek
8081,N,0230,Elburg
8082,N,0230,Elburg
8084,N,0230,Elburg
8085,N,0230,Elburg
8091,N,0269,Oldebroek
8094,N,0269,Oldebroek
8095,N,0269,Oldebroek
8096,N,0269,Oldebroek
8097,N,0269,Oldebroek
8101,N,0177,Raalte
8102,N,0177,Raalte
8103,N,0177,Raalte
8105,N,0177,Raalte
8106,N,0177,Raalte
8107,N,0177,Raalte
8111,N,0177,Raalte
8112,N,0177,Raalte
8121,N,1773,Olst-Wijhe
8124,N,1773,Olst-Wijhe
8131,N,1773,Olst-Wijhe
8141,N,0177,Raalte
8144,N,0177,Raalte
8146,N,0175,Ommen
8147,N,0175,Ommen
8148,N,0175,Ommen
8151,N,0148,Dalfsen
8152,N,0148,Dalfsen
8153,N,0148,Dalfsen
8154,N,0148,Dalfsen
8161,N,0232,Epe
8162,N,0232,Epe
8166,N,0232,Epe
8167,N,0232,Epe
8171,N,0232,Epe
8172,N,0232,Epe
8181,N,0246,Heerde
8191,N,0246,Heerde
8193,N,0246,Heerde
8194,N,0246,Heerde
8196,N,1773,Olst-Wijhe
8198,N,1773,Olst-Wijhe
8211,N,0995,Lelystad
8212,N,0995,Lelystad
8218,N,0995,Lelystad
8219,N,0995,Lelystad
8221,N,0995,Lelystad
8222,N,0995,Lelystad
8223,N,0995,Lelystad
8224,N,0995,Lelystad
8225,N,0995,Lelystad
8226,N,0995,Lelystad
8231,N,0995,Lelystad
8232,N,0995,Lelystad
8233,N,0995,Lelystad
8239,N,0995,Lelystad
8241,N,0995,Lelystad
8242,N,0995,Lelystad
8243,N,0995,Lelystad
8244,N,0995,Lelystad
8245,N,0995,Lelystad
8251,N,0303,Dronten
8252,N,0303,Dronten
8253,N,0303,Dronten
8254,N,0303,Dronten
8255,N,0303,Dronten
8256,N,0303,Dronten
8261,N,0166,Kampen
8262,N,0166,Kampen
8263,N,0166,Kampen
8264,N,0166,Kampen
8265,N,0166,Kampen
8266,N,0166,Kampen
8267,N,0166,Kampen
8271,N,0166,Kampen
8274,N,0166,Kampen
8275,N,0166,Kampen
8276,N,0166,Kampen
8277,N,0166,Kampen
8278,N,0166,Kampen
8281,N,1896,Zwartewaterland
8291,N,1896,Zwartewaterland
8292,N,0193,Zwolle
8293,N,0166,Kampen
8294,N,1896,Zwartewaterland
8301,N,0171,Noordoostpolder
8302,N,0171,Noordoostpolder
8303,N,0171,Noordoostpolder
8304,N,0171,Noordoostpolder
8305,N,0171,Noordoostpolder
8307,N,0171,Noordoostpolder
8308,N,0171,Noordoostpolder
8309,N,0171,Noordoostpolder
8311,N,0171,Noordoostpolder
8312,N,0171,Noordoostpolder
8313,N,0171,Noordoostpolder
8314,N,0171,Noordoostpolder
8315,N,0171,Noordoostpolder
8316,N,0171,Noordoostpolder
8317,N,0171,Noordoostpolder
8319,N,0171,Noordoostpolder
8321,N,0184,Urk
8322,N,0184,Urk
8323,N,0184,Urk
8325,N,1708,Steenwijkerland
8326,N,1708,Steenwijkerland
8331,N,1708,Steenwijkerland
8332,N,1708,Steenwijkerland
8333,N,1708,Steenwijkerland
8334,N,1708,Steenwijkerland
8335,N,1708,Steenwijkerland
8336,N,1708,Steenwijkerland
8337,N,1708,Steenwijkerland
8338,N,1708,Steenwijkerland
8339,N,1708,Steenwijkerland
8341,N,1708,Steenwijkerland
8342,N,1708,Steenwijkerland
8343,N,1708,Steenwijkerland
8344,N,1708,Steenwijkerland
8345,N,1708,Steenwijkerland
8346,N,1708,Steenwijkerland
8347,N,1708,Steenwijkerland
8351,N,1701,Westerveld
8355,N,1708,Steenwijkerland
8356,N,1708,Steenwijkerland
8361,N,1708,Steenwijkerland
8362,N,1708,Steenwijkerland
8363,N,1708,Steenwijkerland
8371,N,1708,Steenwijkerland
8372,N,1708,Steenwijkerland
8373,N,1708,Steenwijkerland
8374,N,1708,Steenwijkerland
8375,N,1708,Steenwijkerland
8376,N,1708,Steenwijkerland
8377,N,1708,Steenwijkerland
8378,N,1708,Steenwijkerland
8381,N,1701,Westerveld
8382,N,1701,Westerveld
8383,N,1701,Westerveld
8384,N,1701,Westerveld
8385,N,1701,Westerveld
8386,N,1701,Westerveld
8387,N,1701,Westerveld
8388,N,0098,Weststellingwerf
8389,N,0098,Weststellingwerf
8391,N,0098,Weststellingwerf
8392,N,0098,Weststellingwerf
8393,N,0098,Weststellingwerf
8394,N,0098,Weststellingwerf
8395,N,0098,Weststellingwerf
8396,N,0098,Weststellingwerf
8397,N,0098,Weststellingwerf
8398,N,0098,Weststellingwerf
8401,N,0086,Opsterland
8403,N,0086,Opsterland
8404,N,0086,Opsterland
8405,N,0086,Opsterland
8406,N,0086,Opsterland
8407,N,0086,Opsterland
8408,N,0086,Opsterland
8409,N,0086,Opsterland
8411,N,0074,Heerenveen
8412,N,0074,Heerenveen
8413,N,0074,Heerenveen
8414,N,0074,Heerenveen
8415,N,0074,Heerenveen
8421,N,0085,Ooststellingwerf
8422,N,0085,Ooststellingwerf
8423,N,0085,Ooststellingwerf
8424,N,0085,Ooststellingwerf
8425,N,0085,Ooststellingwerf
8426,N,0085,Ooststellingwerf
8427,N,0085,Ooststellingwerf
8428,N,0085,Ooststellingwerf
8431,N,0085,Ooststellingwerf
8432,N,0085,Ooststellingwerf
8433,N,0085,Ooststellingwerf
8434,N,0085,Ooststellingwerf
8435,N,0085,Ooststellingwerf
8437,N,1701,Westerveld
8438,N,1701,Westerveld
8439,N,1701,Westerveld
8441,N,0074,Heerenveen
8442,N,0074,Heerenveen
8443,N,0074,Heerenveen
8444,N,0074,Heerenveen
8445,N,0074,Heerenveen
8446,N,0074,Heerenveen
8447,N,0074,Heerenveen
8448,N,0074,Heerenveen
8449,N,0074,Heerenveen
8451,N,0074,Heerenveen
8452,N,0074,Heerenveen
8453,N,0074,Heerenveen
8454,N,0074,Heerenveen
8455,N,0074,Heerenveen
8456,N,0074,Heerenveen
8457,N,0074,Heerenveen
8458,N,0074,Heerenveen
8459,N,0074,Heerenveen
8461,N,1940,De Fryske Marren
8462,N,1940,De Fryske Marren
8463,N,1940,De Fryske Marren
8464,N,1940,De Fryske Marren
8465,N,1940,De Fryske Marren
8466,N,1940,De Fryske Marren
8467,N,1940,De Fryske Marren
8468,N,0074,Heerenveen
8469,N,0074,Heerenveen
8471,N,0098,Weststellingwerf
8472,N,0098,Weststellingwerf
8474,N,0098,Weststellingwerf
8475,N,0098,Weststellingwerf
8476,N,0098,Weststellingwerf
8477,N,0098,Weststellingwerf
8478,N,0098,Weststellingwerf
8479,N,0098,Weststellingwerf
8481,N,0098,Weststellingwerf
8482,N,0098,Weststellingwerf
8483,N,0098,Weststellingwerf
8484,N,0098,Weststellingwerf
8485,N,0098,Weststellingwerf
8486,N,0098,Weststellingwerf
8487,N,0098,Weststellingwerf
8488,N,0098,Weststellingwerf
8489,N,0098,Weststellingwerf
8491,N,0074,Heerenveen
8493,N,1940,De Fryske Marren
8494,N,0074,Heerenveen
8495,N,0074,Heerenveen
8497,N,0090,Smallingerland
8501,N,1940,De Fryske Marren
8502,N,1940,De Fryske Marren
8503,N,1940,De Fryske Marren
8505,N,1940,De Fryske Marren
8506,N,1940,De Fryske Marren
8507,N,1940,De Fryske Marren
8508,N,1940,De Fryske Marren
8511,N,1940,De Fryske Marren
8512,N,1940,De Fryske Marren
8513,N,1940,De Fryske Marren
8514,N,1940,De Fryske Marren
8515,N,1940,De Fryske Marren
8516,N,1940,De Fryske Marren
8517,N,1940,De Fryske Marren
8521,N,1940,De Fryske Marren
8522,N,1940,De Fryske Marren
8523,N,1940,De Fryske Marren
8524,N,1940,De Fryske Marren
8525,N,1940,De Fryske Marren
8526,N,1940,De Fryske Marren
8527,N,1940,De Fryske Marren
8528,N,1940,De Fryske Marren
8529,N,1900,Súdwest-Fryslân
8531,N,1940,De Fryske Marren
8532,N,1940,De Fryske Marren
8534,N,1940,De Fryske Marren
8535,N,1940,De Fryske Marren
8536,N,1940,De Fryske Marren
8537,N,1940,De Fryske Marren
8538,N,1940,De Fryske Marren
8539,N,1940,De Fryske Marren
8541,N,1940,De Fryske Marren
8542,N,1940,De Fryske Marren
8551,N,1900,Súdwest-Fryslân
8552,N,1900,Súdwest-Fryslân
8553,N,1900,Súdwest-Fryslân
8554,N,1900,Súdwest-Fryslân
8556,N,1940,De Fryske Marren
8561,N,1940,De Fryske Marren
8563,N,1940,De Fryske Marren
8564,N,1940,De Fryske Marren
8565,N,1940,De Fryske Marren
8566,N,1940,De Fryske Marren
8567,N,1940,De Fryske Marren
8571,N,1940,De Fryske Marren
8572,N,1940,De Fryske Marren
8573,N,1940,De Fryske Marren
8574,N,1940,De Fryske Marren
8581,N,1940,De Fryske Marren
8582,N,1940,De Fryske Marren
8583,N,1940,De Fryske Marren
8584,N,1900,Súdwest-Fryslân
8601,N,1900,Súdwest-Fryslân
8602,N,1900,Súdwest-Fryslân
8603,N,1900,Súdwest-Fryslân
8604,N,1900,Súdwest-Fryslân
8605,N,1900,Súdwest-Fryslân
8606,N,1900,Súdwest-Fryslân
8607,N,1900,Súdwest-Fryslân
8608,N,1900,Súdwest-Fryslân
8611,N,1900,Súdwest-Fryslân
8612,N,1900,Súdwest-Fryslân
8613,N,1900,Súdwest-Fryslân
8614,N,1900,Súdwest-Fryslân
8615,N,1900,Súdwest-Fryslân
8616,N,1900,Súdwest-Fryslân
8617,N,1900,Súdwest-Fryslân
8618,N,1900,Súdwest-Fryslân
8621,N,1900,Súdwest-Fryslân
8622,N,1900,Súdwest-Fryslân
8623,N,1900,Súdwest-Fryslân
8624,N,1900,Súdwest-Fryslân
8625,N,1900,Súdwest-Fryslân
8626,N,1900,Súdwest-Fryslân
8627,N,1900,Súdwest-Fryslân
8628,N,1900,Súdwest-Fryslân
8629,N,1900,Súdwest-Fryslân
8631,N,1900,Súdwest-Fryslân
8632,N,1900,Súdwest-Fryslân
8633,N,1900,Súdwest-Fryslân
8635,N,1900,Súdwest-Fryslân
8636,N,1900,Súdwest-Fryslân
8637,N,1900,Súdwest-Fryslân
8641,N,1900,Súdwest-Fryslân
8642,N,1900,Súdwest-Fryslân
8644,N,1900,Súdwest-Fryslân
8647,N,1900,Súdwest-Fryslân
8651,N,1900,Súdwest-Fryslân
8658,N,1900,Súdwest-Fryslân
8701,N,1900,Súdwest-Fryslân
8702,N,1900,Súdwest-Fryslân
8711,N,1900,Súdwest-Fryslân
8713,N,1900,Súdwest-Fryslân
8715,N,1900,Súdwest-Fryslân
8721,N,1900,Súdwest-Fryslân
8722,N,1900,Súdwest-Fryslân
8723,N,1900,Súdwest-Fryslân
8724,N,1900,Súdwest-Fryslân
8731,N,1900,Súdwest-Fryslân
8732,N,1900,Súdwest-Fryslân
8733,N,1900,Súdwest-Fryslân
8734,N,1900,Súdwest-Fryslân
8735,N,1900,Súdwest-Fryslân
8736,N,1900,Súdwest-Fryslân
8737,N,1900,Súdwest-Fryslân
8741,N,1900,Súdwest-Fryslân
8742,N,1900,Súdwest-Fryslân
8743,N,1900,Súdwest-Fryslân
8744,N,1900,Súdwest-Fryslân
8745,N,1900,Súdwest-Fryslân
8746,N,1900,Súdwest-Fryslân
8747,N,1900,Súdwest-Fryslân
8748,N,1900,Súdwest-Fryslân
8749,N,1900,Súdwest-Fryslân
8751,N,1900,Súdwest-Fryslân
8752,N,1900,Súdwest-Fryslân
8753,N,1900,Súdwest-Fryslân
8754,N,1900,Súdwest-Fryslân
8755,N,1900,Súdwest-Fryslân
8756,N,1900,Súdwest-Fryslân
8757,N,1900,Súdwest-Fryslân
8758,N,1900,Súdwest-Fryslân
8759,N,1900,Súdwest-Fryslân
8761,N,1900,Súdwest-Fryslân
8762,N,1900,Súdwest-Fryslân
8763,N,1900,Súdwest-Fryslân
8764,N,1900,Súdwest-Fryslân
8765,N,1900,Súdwest-Fryslân
8766,N,1900,Súdwest-Fryslân
8771,N,1900,Súdwest-Fryslân
8772,N,1900,Súdwest-Fryslân
8773,N,1900,Súdwest-Fryslân
8774,N,1900,Súdwest-Fryslân
8775,N,1900,Súdwest-Fryslân
8801,N,1949,Waadhoeke
8802,N,1949,Waadhoeke
8804,N,1949,Waadhoeke
8805,N,1949,Waadhoeke
8806,N,1949,Waadhoeke
8807,N,1949,Waadhoeke
8808,N,1949,Waadhoeke
8809,N,1949,Waadhoeke
8811,N,1949,Waadhoeke
8812,N,1949,Waadhoeke
8813,N,1949,Waadhoeke
8814,N,1949,Waadhoeke
8816,N,1949,Waadhoeke
8821,N,1900,Súdwest-Fryslân
8822,N,1900,Súdwest-Fryslân
8823,N,1900,Súdwest-Fryslân
8831,N,1949,Waadhoeke
8832,N,0080,Leeuwarden
8833,N,0080,Leeuwarden
8834,N,0080,Leeuwarden
8835,N,0080,Leeuwarden
8841,N,1949,Waadhoeke
8842,N,1949,Waadhoeke
8843,N,1949,Waadhoeke
8844,N,1900,Súdwest-Fryslân
8845,N,1900,Súdwest-Fryslân
8851,N,1949,Waadhoeke
8852,N,1949,Waadhoeke
8853,N,1949,Waadhoeke
8854,N,1949,Waadhoeke
8855,N,1949,Waadhoeke
8856,N,1949,Waadhoeke
8857,N,0072,Harlingen
8861,N,0072,Harlingen
8862,N,0072,Harlingen
8871,N,0072,Harlingen
8872,N,0072,Harlingen
8881,N,0093,Terschelling
8882,N,0093,Terschelling
8883,N,0093,Terschelling
8884,N,0093,Terschelling
8885,N,0093,Terschelling
8891,N,0093,Terschelling
8892,N,0093,Terschelling
8893,N,0093,Terschelling
8894,N,0093,Terschelling
8895,N,0093,Terschelling
8896,N,0093,Terschelling
8897,N,0093,Terschelling
8899,N,0096,Vlieland
8911,N,0080,Leeuwarden
8912,N,0080,Leeuwarden
8913,N,0080,Leeuwarden
8914,N,0080,Leeuwarden
8915,N,0080,Leeuwarden
8916,N,0080,Leeuwarden
8917,N,0080,Leeuwarden
8918,N,0080,Leeuwarden
8919,N,0080,Leeuwarden
8921,N,0080,Leeuwarden
8922,N,0080,Leeuwarden
8923,N,0080,Leeuwarden
8924,N,0080,Leeuwarden
8925,N,0080,Leeuwarden
8926,N,0080,Leeuwarden
8927,N,0080,Leeuwarden
8931,N,0080,Leeuwarden
8932,N,0080,Leeuwarden
8933,N,0080,Leeuwarden
8934,N,0080,Leeuwarden
8935,N,0080,Leeuwarden
8936,N,0080,Leeuwarden
8937,N,0080,Leeuwarden
8938,N,0080,Leeuwarden
8939,N,0080,Leeuwarden
8941,N,0080,Leeuwarden
9001,N,0080,Leeuwarden
9003,N,0080,Leeuwarden
9004,N,0080,Leeuwarden
9005,N,0080,Leeuwarden
9006,N,0080,Leeuwarden
9007,N,0080,Leeuwarden
9008,N,0080,Leeuwarden
9009,N,0080,Leeuwarden
9011,N,0080,Leeuwarden
9012,N,1900,Súdwest-Fryslân
9013,N,1900,Súdwest-Fryslân
9014,N,1900,Súdwest-Fryslân
9021,N,1900,Súdwest-Fryslân
9022,N,0080,Leeuwarden
9023,N,0080,Leeuwarden
9024,N,0080,Leeuwarden
9025,N,0080,Leeuwarden
9026,N,0080,Leeuwarden
9027,N,0080,Leeuwarden
9031,N,1949,Waadhoeke
9032,N,1949,Waadhoeke
9033,N,1949,Waadhoeke
9034,N,1949,Waadhoeke
9035,N,1949,Waadhoeke
9036,N,1949,Waadhoeke
9037,N,1949,Waadhoeke
9038,N,1949,Waadhoeke
9041,N,1949,Waadhoeke
9043,N,1949,Waadhoeke
9044,N,1949,Waadhoeke
9045,N,1949,Waadhoeke
9047,N,1949,Waadhoeke
9051,N,0080,Leeuwarden
9053,N,0080,Leeuwarden
9054,N,0080,Leeuwarden
9055,N,0080,Leeuwarden
9056,N,0080,Leeuwarden
9057,N,0080,Leeuwarden
9061,N,0737,Tytsjerksteradiel
9062,N,0737,Tytsjerksteradiel
9063,N,0737,Tytsjerksteradiel
9064,N,0737,Tytsjerksteradiel
9067,N,1891,Dantumadiel
9071,N,0080,Leeuwarden
9072,N,1949,Waadhoeke
9073,N,1970,Noardeast-Fryslân
9074,N,1970,Noardeast-Fryslân
9075,N,1949,Waadhoeke
9076,N,1949,Waadhoeke
9077,N,1949,Waadhoeke
9078,N,1949,Waadhoeke
9079,N,1949,Waadhoeke
9081,N,0080,Leeuwarden
9082,N,0080,Leeuwarden
9083,N,0080,Leeuwarden
9084,N,0080,Leeuwarden
9085,N,0080,Leeuwarden
9086,N,0080,Leeuwarden
9087,N,0080,Leeuwarden
9088,N,0080,Leeuwarden
9089,N,0080,Leeuwarden
9091,N,0737,Tytsjerksteradiel
9101,N,1970,Noardeast-Fryslân
9102,N,1970,Noardeast-Fryslân
9103,N,1970,Noardeast-Fryslân
9104,N,1891,Dantumadiel
9105,N,1891,Dantumadiel
9106,N,1891,Dantumadiel
9107,N,1970,Noardeast-Fryslân
9108,N,1891,Dantumadiel
9109,N,1891,Dantumadiel
9111,N,1970,Noardeast-Fryslân
9112,N,1970,Noardeast-Fryslân
9113,N,1891,Dantumadiel
9114,N,1891,Dantumadiel
9121,N,1970,Noardeast-Fryslân
9122,N,1970,Noardeast-Fryslân
9123,N,1970,Noardeast-Fryslân
9124,N,1970,Noardeast-Fryslân
9125,N,1970,Noardeast-Fryslân
9131,N,1970,Noardeast-Fryslân
9132,N,1970,Noardeast-Fryslân
9133,N,1970,Noardeast-Fryslân
9134,N,1970,Noardeast-Fryslân
9135,N,1970,Noardeast-Fryslân
9136,N,1970,Noardeast-Fryslân
9137,N,1970,Noardeast-Fryslân
9138,N,1970,Noardeast-Fryslân
9141,N,1970,Noardeast-Fryslân
9142,N,1970,Noardeast-Fryslân
9143,N,1970,Noardeast-Fryslân
9144,N,1970,Noardeast-Fryslân
9145,N,1970,Noardeast-Fryslân
9146,N,1970,Noardeast-Fryslân
9147,N,1970,Noardeast-Fryslân
9148,N,1970,Noardeast-Fryslân
9151,N,1970,Noardeast-Fryslân
9152,N,1970,Noardeast-Fryslân
9153,N,1970,Noardeast-Fryslân
9154,N,1970,Noardeast-Fryslân
9155,N,1970,Noardeast-Fryslân
9156,N,1970,Noardeast-Fryslân
9161,N,0060,Ameland
9162,N,0060,Ameland
9163,N,0060,Ameland
9164,N,0060,Ameland
9166,N,0088,Schiermonnikoog
9171,N,1970,Noardeast-Fryslân
9172,N,1970,Noardeast-Fryslân
9173,N,1970,Noardeast-Fryslân
9174,N,1970,Noardeast-Fryslân
9175,N,1970,Noardeast-Fryslân
9176,N,1970,Noardeast-Fryslân
9177,N,1970,Noardeast-Fryslân
9178,N,1970,Noardeast-Fryslân
9201,N,0090,Smallingerland
9202,N,0090,Smallingerland
9203,N,0090,Smallingerland
9204,N,0090,Smallingerland
9205,N,0090,Smallingerland
9206,N,0090,Smallingerland
9207,N,0090,Smallingerland
9211,N,0090,Smallingerland
9212,N,0090,Smallingerland
9213,N,0090,Smallingerland
9214,N,0090,Smallingerland
9215,N,0090,Smallingerland
9216,N,0090,Smallingerland
9217,N,0090,Smallingerland
9218,N,0090,Smallingerland
9219,N,0090,Smallingerland
9221,N,0090,Smallingerland
9222,N,0090,Smallingerland
9223,N,0090,Smallingerland
9231,N,0059,Achtkarspelen
9233,N,0059,Achtkarspelen
9241,N,0086,Opsterland
9243,N,0086,Opsterland
9244,N,0086,Opsterland
9245,N,0086,Opsterland
9246,N,0086,Opsterland
9247,N,0086,Opsterland
9248,N,0086,Opsterland
9249,N,0086,Opsterland
9251,N,0737,Tytsjerksteradiel
9254,N,0737,Tytsjerksteradiel
9255,N,0737,Tytsjerksteradiel
9256,N,0737,Tytsjerksteradiel
9257,N,0737,Tytsjerksteradiel
9258,N,0737,Tytsjerksteradiel
9261,N,0737,Tytsjerksteradiel
9262,N,0737,Tytsjerksteradiel
9263,N,0737,Tytsjerksteradiel
9264,N,0737,Tytsjerksteradiel
9265,N,0737,Tytsjerksteradiel
9269,N,1891,Dantumadiel
9271,N,1891,Dantumadiel
9281,N,0059,Achtkarspelen
9283,N,0059,Achtkarspelen
9284,N,0059,Achtkarspelen
9285,N,0059,Achtkarspelen
9286,N,0059,Achtkarspelen
9287,N,0059,Achtkarspelen
9288,N,0059,Achtkarspelen
9289,N,0059,Achtkarspelen
9291,N,1970,Noardeast-Fryslân
9292,N,1970,Noardeast-Fryslân
9293,N,1970,Noardeast-Fryslân
9294,N,1970,Noardeast-Fryslân
9295,N,1970,Noardeast-Fryslân
9296,N,1970,Noardeast-Fryslân
9297,N,1970,Noardeast-Fryslân
9298,N,1970,Noardeast-Fryslân
9299,N,1970,Noardeast-Fryslân
9301,N,1699,Noordenveld
9302,N,1699,Noordenveld
9304,N,1699,Noordenveld
9305,N,1699,Noordenveld
9306,N,1699,Noordenveld
9307,N,1699,Noordenveld
9311,N,1699,Noordenveld
9312,N,1699,Noordenveld
9313,N,1699,Noordenveld
9314,N,1699,Noordenveld
9315,N,1699,Noordenveld
9321,N,1699,Noordenveld
9331,N,1699,Noordenveld
9333,N,1699,Noordenveld
9334,N,1699,Noordenveld
9335,N,1699,Noordenveld
9336,N,1699,Noordenveld
9337,N,1699,Noordenveld
9341,N,1699,Noordenveld
9342,N,1699,Noordenveld
9343,N,1699,Noordenveld
9351,N,1969,Westerkwartier
9354,N,1969,Westerkwartier
9355,N,1969,Westerkwartier
9356,N,1969,Westerkwartier
9359,N,1969,Westerkwartier
9361,N,1969,Westerkwartier
9362,N,1969,Westerkwartier
9363,N,1969,Westerkwartier
9364,N,1969,Westerkwartier
9365,N,1969,Westerkwartier
9366,N,1969,Westerkwartier
9367,N,1969,Westerkwartier
9401,N,0106,Assen
9402,N,0106,Assen
9403,N,0106,Assen
9404,N,0106,Assen
9405,N,0106,Assen
9406,N,0106,Assen
9407,N,0106,Assen
9408,N,0106,Assen
9409,N,0106,Assen
9411,N,1731,Midden-Drenthe
9412,N,1731,Midden-Drenthe
9413,N,1731,Midden-Drenthe
9414,N,1731,Midden-Drenthe
9415,N,1731,Midden-Drenthe
9416,N,1731,Midden-Drenthe
9417,N,1731,Midden-Drenthe
9418,N,1731,Midden-Drenthe
9419,N,1731,Midden-Drenthe
9421,N,1731,Midden-Drenthe
9422,N,1731,Midden-Drenthe
9423,N,1731,Midden-Drenthe
9431,N,1731,Midden-Drenthe
9432,N,1731,Midden-Drenthe
9433,N,1731,Midden-Drenthe
9434,N,1731,Midden-Drenthe
9435,N,1731,Midden-Drenthe
9436,N,1731,Midden-Drenthe
9437,N,1731,Midden-Drenthe
9438,N,1731,Midden-Drenthe
9439,N,1731,Midden-Drenthe
9441,N,1731,Midden-Drenthe
9442,N,1731,Midden-Drenthe
9443,N,1680,Aa en Hunze
9444,N,1680,Aa en Hunze
9445,N,1680,Aa en Hunze
9446,N,1680,Aa en Hunze
9447,N,1680,Aa en Hunze
9448,N,1680,Aa en Hunze
9449,N,1680,Aa en Hunze
9451,N,1680,Aa en Hunze
9452,N,1680,Aa en Hunze
9453,N,1680,Aa en Hunze
9454,N,1680,Aa en Hunze
9455,N,1680,Aa en Hunze
9456,N,1680,Aa en Hunze
9457,N,1680,Aa en Hunze
9458,N,1680,Aa en Hunze
9459,N,1680,Aa en Hunze
9461,N,1680,Aa en Hunze
9462,N,1680,Aa en Hunze
9463,N,1680,Aa en Hunze
9464,N,1680,Aa en Hunze
9465,N,1680,Aa en Hunze
9466,N,1680,Aa en Hunze
9467,N,1680,Aa en Hunze
9468,N,1680,Aa en Hunze
9469,N,1680,Aa en Hunze
9471,N,1730,Tynaarlo
9472,N,1730,Tynaarlo
9473,N,1730,Tynaarlo
9474,N,1730,Tynaarlo
9475,N,1730,Tynaarlo
9476,N,1730,Tynaarlo
9477,N,1730,Tynaarlo
9479,N,0014,Groningen
9481,N,1730,Tynaarlo
9482,N,1730,Tynaarlo
9483,N,1730,Tynaarlo
9484,N,1730,Tynaarlo
9485,N,1730,Tynaarlo
9486,N,0106,Assen
9487,N,0106,Assen
9488,N,0106,Assen
9489,N,0106,Assen
9491,N,1730,Tynaarlo
9492,N,0106,Assen
9493,N,1730,Tynaarlo
9494,N,1730,Tynaarlo
9495,N,1730,Tynaarlo
9496,N,1730,Tynaarlo
9497,N,1730,Tynaarlo
9501,N,0037,Stadskanaal
9502,N,0037,Stadskanaal
9503,N,0037,Stadskanaal
9511,N,1680,Aa en Hunze
9512,N,1680,Aa en Hunze
9514,N,1680,Aa en Hunze
9515,N,1680,Aa en Hunze
9521,N,1681,Borger-Odoorn
9523,N,1681,Borger-Odoorn
9524,N,1681,Borger-Odoorn
9525,N,1681,Borger-Odoorn
9526,N,1681,Borger-Odoorn
9527,N,1681,Borger-Odoorn
9528,N,1681,Borger-Odoorn
9531,N,1681,Borger-Odoorn
9533,N,1681,Borger-Odoorn
9534,N,1681,Borger-Odoorn
9535,N,1681,Borger-Odoorn
9536,N,1681,Borger-Odoorn
9537,N,1681,Borger-Odoorn
9541,N,1950,Westerwolde
9545,N,1950,Westerwolde
9551,N,1950,Westerwolde
9561,N,1950,Westerwolde
9563,N,1950,Westerwolde
9564,N,1681,Borger-Odoorn
9566,N,1950,Westerwolde
9571,N,1681,Borger-Odoorn
9573,N,1681,Borger-Odoorn
9574,N,1681,Borger-Odoorn
9581,N,0037,Stadskanaal
9584,N,0037,Stadskanaal
9585,N,0037,Stadskanaal
9591,N,0037,Stadskanaal
9601,N,1952,Midden-Groningen
9602,N,1952,Midden-Groningen
9603,N,1952,Midden-Groningen
9605,N,1952,Midden-Groningen
9606,N,1952,Midden-Groningen
9607,N,1952,Midden-Groningen
9608,N,1952,Midden-Groningen
9609,N,1952,Midden-Groningen
9611,N,1952,Midden-Groningen
9613,N,0014,Groningen
9614,N,0014,Groningen
9615,N,1952,Midden-Groningen
9616,N,1952,Midden-Groningen
9617,N,1952,Midden-Groningen
9618,N,1952,Midden-Groningen
9619,N,1952,Midden-Groningen
9621,N,1952,Midden-Groningen
9622,N,0014,Groningen
9623,N,1952,Midden-Groningen
9624,N,1952,Midden-Groningen
9625,N,1952,Midden-Groningen
9626,N,1952,Midden-Groningen
9627,N,1952,Midden-Groningen
9628,N,1952,Midden-Groningen
9629,N,1952,Midden-Groningen
9631,N,0047,Veendam
9632,N,1952,Midden-Groningen
9633,N,1952,Midden-Groningen
9635,N,1952,Midden-Groningen
9636,N,1952,Midden-Groningen
9641,N,0047,Veendam
9642,N,0047,Veendam
9643,N,0047,Veendam
9644,N,0047,Veendam
9645,N,0047,Veendam
9646,N,0047,Veendam
9648,N,0047,Veendam
9649,N,1952,Midden-Groningen
9651,N,1952,Midden-Groningen
9654,N,1680,Aa en Hunze
9655,N,1680,Aa en Hunze
9656,N,1680,Aa en Hunze
9657,N,1680,Aa en Hunze
9658,N,1680,Aa en Hunze
9659,N,1680,Aa en Hunze
9661,N,0037,Stadskanaal
9662,N,0765,Pekela
9663,N,0765,Pekela
9665,N,0765,Pekela
9671,N,1895,Oldambt
9672,N,1895,Oldambt
9673,N,1895,Oldambt
9674,N,1895,Oldambt
9675,N,1895,Oldambt
9677,N,1895,Oldambt
9678,N,1895,Oldambt
9679,N,1895,Oldambt
9681,N,1895,Oldambt
9682,N,1895,Oldambt
9684,N,1895,Oldambt
9685,N,1895,Oldambt
9686,N,1895,Oldambt
9687,N,1895,Oldambt
9688,N,1895,Oldambt
9691,N,1895,Oldambt
9692,N,1895,Oldambt
9693,N,1895,Oldambt
9695,N,1950,Westerwolde
9696,N,1950,Westerwolde
9697,N,1950,Westerwolde
9698,N,1950,Westerwolde
9699,N,1950,Westerwolde
9711,N,0014,Groningen
9712,N,0014,Groningen
9713,N,0014,Groningen
9714,N,0014,Groningen
9715,N,0014,Groningen
9716,N,0014,Groningen
9717,N,0014,Groningen
9718,N,0014,Groningen
9721,N,0014,Groningen
9722,N,0014,Groningen
9723,N,0014,Groningen
9724,N,0014,Groningen
9725,N,0014,Groningen
9726,N,0014,Groningen
9727,N,0014,Groningen
9728,N,0014,Groningen
9731,N,0014,Groningen
9732,N,0014,Groningen
9733,N,0014,Groningen
9734,N,0014,Groningen
9735,N,0014,Groningen
9736,N,0014,Groningen
9737,N,0014,Groningen
9738,N,0014,Groningen
9741,N,0014,Groningen
9742,N,0014,Groningen
9743,N,0014,Groningen
9744,N,0014,Groningen
9745,N,0014,Groningen
9746,N,0014,Groningen
9747,N,0014,Groningen
9749,N,1699,Noordenveld
9751,N,0014,Groningen
9752,N,0014,Groningen
9753,N,0014,Groningen
9755,N,0014,Groningen
9756,N,0014,Groningen
9761,N,1730,Tynaarlo
9765,N,1730,Tynaarlo
9766,N,1730,Tynaarlo
9771,N,1966,Het Hogeland
9773,N,1966,Het Hogeland
9774,N,1966,Het Hogeland
9781,N,1966,Het Hogeland
9784,N,1966,Het Hogeland
9785,N,1966,Het Hogeland
9791,N,0014,Groningen
9792,N,0014,Groningen
9793,N,0014,Groningen
9794,N,0014,Groningen
9795,N,0014,Groningen
9796,N,0014,Groningen
9797,N,0014,Groningen
9798,N,0014,Groningen
9801,N,1969,Westerkwartier
9804,N,1969,Westerkwartier
9805,N,1969,Westerkwartier
9811,N,1969,Westerkwartier
9812,N,1969,Westerkwartier
9821,N,1969,Westerkwartier
9822,N,1969,Westerkwartier
9824,N,1969,Westerkwartier
9825,N,1969,Westerkwartier
9827,N,1969,Westerkwartier
9828,N,1969,Westerkwartier
9831,N,1969,Westerkwartier
9832,N,1969,Westerkwartier
9833,N,1969,Westerkwartier
9841,N,1969,Westerkwartier
9842,N,1969,Westerkwartier
9843,N,1969,Westerkwartier
9844,N,1969,Westerkwartier
9845,N,1969,Westerkwartier
9851,N,1970,Noardeast-Fryslân
9852,N,1970,Noardeast-Fryslân
9853,N,1970,Noardeast-Fryslân
9861,N,1969,Westerkwartier
9862,N,1969,Westerkwartier
9863,N,1969,Westerkwartier
9864,N,1969,Westerkwartier
9865,N,1969,Westerkwartier
9866,N,1969,Westerkwartier
9871,N,0059,Achtkarspelen
9872,N,0059,Achtkarspelen
9873,N,0059,Achtkarspelen
9881,N,1969,Westerkwartier
9882,N,1969,Westerkwartier
9883,N,1969,Westerkwartier
9884,N,1969,Westerkwartier
9885,N,1969,Westerkwartier
9886,N,1969,Westerkwartier
9891,N,1969,Westerkwartier
9892,N,1969,Westerkwartier
9893,N,1969,Westerkwartier
9901,N,1979,Eemsdelta
9902,N,1979,Eemsdelta
9903,N,1979,Eemsdelta
9904,N,1979,Eemsdelta
9905,N,1979,Eemsdelta
9906,N,1979,Eemsdelta
9907,N,1979,Eemsdelta
9908,N,1979,Eemsdelta
9909,N,1979,Eemsdelta
9911,N,1979,Eemsdelta
9912,N,1979,Eemsdelta
9913,N,1979,Eemsdelta
9914,N,1979,Eemsdelta
9915,N,1979,Eemsdelta
9917,N,1979,Eemsdelta
9918,N,1979,Eemsdelta
9919,N,1979,Eemsdelta
9921,N,1979,Eemsdelta
9922,N,1979,Eemsdelta
9923,N,1979,Eemsdelta
9924,N,1979,Eemsdelta
9925,N,1966,Het Hogeland
9931,N,1979,Eemsdelta
9932,N,1979,Eemsdelta
9933,N,1979,Eemsdelta
9934,N,1979,Eemsdelta
9936,N,1979,Eemsdelta
9937,N,1979,Eemsdelta
9939,N,1952,Midden-Groningen
9941,N,1895,Oldambt
9942,N,1895,Oldambt
9943,N,1895,Oldambt
9944,N,1895,Oldambt
9945,N,1979,Eemsdelta
9946,N,1979,Eemsdelta
9947,N,1979,Eemsdelta
9948,N,1979,Eemsdelta
9949,N,1979,Eemsdelta
9951,N,1966,Het Hogeland
9953,N,1966,Het Hogeland
9954,N,1966,Het Hogeland
9955,N,1966,Het Hogeland
9956,N,1966,Het Hogeland
9957,N,1966,Het Hogeland
9959,N,1966,Het Hogeland
9961,N,1966,Het Hogeland
9962,N,1966,Het Hogeland
9963,N,1966,Het Hogeland
9964,N,1966,Het Hogeland
9965,N,1966,Het Hogeland
9966,N,1966,Het Hogeland
9967,N,1966,Het Hogeland
9968,N,1966,Het Hogeland
9969,N,1966,Het Hogeland
9971,N,1966,Het Hogeland
9972,N,1966,Het Hogeland
9973,N,1966,Het Hogeland
9974,N,1966,Het Hogeland
9975,N,1966,Het Hogeland
9976,N,1966,Het Hogeland
9977,N,1966,Het Hogeland
9978,N,1966,Het Hogeland
9979,N,1966,Het Hogeland
9981,N,1966,Het Hogeland
9982,N,1966,Het Hogeland
9983,N,1966,Het Hogeland
9984,N,1966,Het Hogeland
9985,N,1966,Het Hogeland
9986,N,1966,Het Hogeland
9987,N,1979,Eemsdelta
9988,N,1966,Het Hogeland
9989,N,1966,Het Hogeland
9991,N,1979,Eemsdelta
9992,N,1979,Eemsdelta
9993,N,1979,Eemsdelta
9994,N,1979,Eemsdelta
9995,N,1966,Het Hogeland
9996,N,1966,Het Hogeland
9997,N,1966,Het Hogeland
9998,N,1966,Het Hogeland
9999,N,1966,Het Hogeland
